city,data,PM10,PM2.5,O3,NO2
Bioggio,15.01.2007 00:00,48.0,,,45.0
Bioggio,15.02.2007 00:00,53.0,,,52.0
Bioggio,15.03.2007 00:00,33.0,,,36.0
Bioggio,15.04.2007 01:00,43.0,,96.0,40.0
Bioggio,15.05.2007 01:00,23.0,,81.0,26.0
Bioggio,15.06.2007 01:00,22.0,,64.0,22.0
Bioggio,15.07.2007 01:00,24.0,,144.0,32.0
Bioggio,15.08.2007 01:00,20.0,,72.0,25.0
Bioggio,15.09.2007 01:00,25.0,,23.0,32.0
Bioggio,15.10.2007 01:00,39.0,,,32.0
Bioggio,15.11.2007 00:00,37.0,,,40.0
Bioggio,15.12.2007 00:00,53.0,,,56.0
Bioggio,15.01.2008 00:00,47.0,,,56.0
Bioggio,15.02.2008 00:00,74.0,,,60.0
Bioggio,15.03.2008 00:00,26.0,,,33.0
Bioggio,15.04.2008 01:00,17.0,,30.0,29.0
Bioggio,15.05.2008 01:00,21.0,,63.0,26.0
Bioggio,15.06.2008 01:00,21.0,,100.0,22.0
Bioggio,15.07.2008 01:00,20.0,,114.0,26.0
Bioggio,15.08.2008 01:00,20.0,,95.0,25.0
Bioggio,15.09.2008 01:00,24.0,,3.0,30.0
Bioggio,15.10.2008 01:00,37.0,,,37.0
Bioggio,15.11.2008 00:00,28.0,,,36.0
Bioggio,15.12.2008 00:00,34.0,,,51.0
Bioggio,15.01.2009 00:00,47.0,,,58.0
Bioggio,15.02.2009 00:00,38.0,,,47.0
Bioggio,15.03.2009 00:00,28.0,,,35.0
Bioggio,15.04.2009 01:00,22.0,,17.0,33.0
Bioggio,15.05.2009 01:00,25.0,,117.0,27.0
Bioggio,15.06.2009 01:00,20.0,,117.0,
Bioggio,15.07.2009 01:00,20.0,,140.0,29.0
Bioggio,15.08.2009 01:00,21.0,,88.0,25.0
Bioggio,15.09.2009 01:00,23.0,,29.0,30.0
Bioggio,15.10.2009 01:00,30.0,,1.0,37.0
Bioggio,15.11.2009 00:00,41.0,,,41.0
Bioggio,15.12.2009 00:00,36.0,,,53.0
Bioggio,15.01.2010 00:00,55.0,,,57.0
Bioggio,15.02.2010 00:00,42.0,,,50.0
Bioggio,15.03.2010 00:00,29.0,,,36.0
Bioggio,15.04.2010 01:00,25.0,,67.0,34.0
Bioggio,15.05.2010 01:00,16.0,,43.0,21.0
Bioggio,15.06.2010 01:00,21.0,,125.0,22.0
Bioggio,15.07.2010 01:00,24.0,,192.0,25.0
Bioggio,15.08.2010 01:00,18.0,,54.0,25.0
Bioggio,15.09.2010 01:00,19.0,,32.0,33.0
Bioggio,15.10.2010 01:00,33.0,,,36.0
Bioggio,15.11.2010 00:00,22.0,,,34.0
Bioggio,15.12.2010 00:00,32.0,,,52.0
Bioggio,15.01.2011 00:00,52.0,,,54.0
Bioggio,15.02.2011 00:00,57.0,,,56.0
Bioggio,15.03.2011 00:00,36.0,,6.0,41.0
Bioggio,15.04.2011 01:00,30.0,,84.0,37.0
Bioggio,15.05.2011 01:00,24.0,,143.0,31.0
Bioggio,15.06.2011 01:00,18.0,,67.0,24.0
Bioggio,15.07.2011 01:00,17.0,,80.0,24.0
Bioggio,15.08.2011 01:00,22.0,,110.0,30.0
Bioggio,15.09.2011 01:00,26.0,,74.0,35.0
Bioggio,15.10.2011 01:00,31.0,,19.0,38.0
Bioggio,15.11.2011 00:00,41.0,,,49.0
Bioggio,15.12.2011 00:00,36.0,,,50.0
Bioggio,15.01.2012 00:00,44.0,,,54.0
Bioggio,15.02.2012 00:00,62.0,,,62.0
Bioggio,15.03.2012 00:00,44.0,,1.0,43.0
Bioggio,15.04.2012 01:00,18.0,,7.0,25.0
Bioggio,15.05.2012 01:00,19.0,,51.0,23.0
Bioggio,15.06.2012 01:00,24.0,,64.0,23.0
Bioggio,15.07.2012 01:00,23.0,,92.0,24.0
Bioggio,15.08.2012 01:00,23.0,,146.0,25.0
Bioggio,15.09.2012 01:00,22.0,,33.0,31.0
Bioggio,15.10.2012 01:00,29.0,,,33.0
Bioggio,15.11.2012 00:00,30.0,,,40.0
Bioggio,15.12.2012 00:00,33.0,,,56.0
Bioggio,15.01.2013 00:00,45.0,,,53.0
Bioggio,15.02.2013 00:00,39.0,,,47.0
Bioggio,15.03.2013 00:00,32.0,,,37.0
Bioggio,15.04.2013 01:00,24.0,,62.0,30.0
Bioggio,15.05.2013 01:00,15.0,,20.0,20.0
Bioggio,15.06.2013 01:00,20.0,,127.0,21.0
Bioggio,15.07.2013 01:00,23.0,,256.0,26.0
Bioggio,15.08.2013 01:00,17.0,,147.0,26.0
Bioggio,15.09.2013 01:00,20.0,,47.0,33.0
Bioggio,15.10.2013 01:00,26.0,,,30.0
Bioggio,15.11.2013 00:00,21.0,,,37.0
Bioggio,15.12.2013 00:00,33.0,,,61.0
Bioggio,15.01.2014 00:00,27.0,,,51.0
Bioggio,15.02.2014 00:00,20.0,,,43.0
Bioggio,15.03.2014 00:00,31.0,,18.0,37.0
Bioggio,15.04.2014 01:00,25.0,,37.0,31.0
Bioggio,15.05.2014 01:00,16.0,,76.0,24.0
Bioggio,15.06.2014 01:00,18.0,,151.0,22.0
Bioggio,15.07.2014 01:00,17.0,,84.0,25.0
Bioggio,15.08.2014 01:00,16.0,,27.0,22.0
Bioggio,15.09.2014 01:00,23.0,,25.0,30.0
Bioggio,15.10.2014 01:00,29.0,,,31.0
Bioggio,15.11.2014 00:00,21.0,,,37.0
Bioggio,15.12.2014 00:00,26.0,,,41.0
Bioggio,15.01.2015 00:00,31.0,,,51.0
Bioggio,15.02.2015 00:00,33.0,,,48.0
Bioggio,15.03.2015 00:00,37.0,,,36.0
Bioggio,15.04.2015 01:00,24.0,,75.0,30.0
Bioggio,15.05.2015 01:00,20.0,,75.0,21.0
Bioggio,15.06.2015 01:00,22.0,,162.0,22.0
Bioggio,15.07.2015 01:00,29.0,,296.0,24.0
Bioggio,15.08.2015 01:00,22.0,,150.0,25.0
Bioggio,15.09.2015 01:00,18.0,,10.0,28.0
Bioggio,15.10.2015 01:00,23.0,,,31.0
Bioggio,15.11.2015 00:00,34.0,,,47.0
Bioggio,15.12.2015 00:00,45.0,,,59.0
Bioggio,15.01.2016 00:00,39.0,,,49.0
Bioggio,15.02.2016 00:00,27.0,,,38.0
Bioggio,15.03.2016 00:00,23.0,,4.0,37.0
Bioggio,15.04.2016 01:00,23.0,,12.0,25.0
Bioggio,15.05.2016 01:00,15.0,,85.0,25.0
Bioggio,15.06.2016 01:00,16.0,,82.0,20.0
Bioggio,15.07.2016 01:00,21.0,,156.0,21.0
Bioggio,15.08.2016 01:00,19.0,,129.0,24.0
Bioggio,15.09.2016 01:00,25.0,,69.0,31.0
Bioggio,15.10.2016 01:00,21.0,,,31.0
Bioggio,15.11.2016 00:00,28.0,21.0,,37.0
Bioggio,15.12.2016 00:00,38.0,27.0,,52.0
Bioggio,15.01.2017 00:00,53.0,39.0,,50.0
Bioggio,15.02.2017 00:00,39.0,31.0,,41.0
Bioggio,15.03.2017 00:00,35.0,24.0,17.0,35.0
Bioggio,15.04.2017 01:00,20.0,12.0,58.0,27.0
Bodio,15.01.2007 00:00,43.0,,,38.0
Bodio,15.02.2007 00:00,44.0,,,38.0
Bodio,15.03.2007 00:00,24.0,,8.0,
Bodio,15.04.2007 01:00,34.0,,159.0,31.0
Bodio,15.05.2007 01:00,22.0,,64.0,21.0
Bodio,15.06.2007 01:00,20.0,,36.0,20.0
Bodio,15.07.2007 01:00,22.0,,106.0,25.0
Bodio,15.08.2007 01:00,20.0,,29.0,25.0
Bodio,15.09.2007 01:00,21.0,,2.0,27.0
Bodio,15.10.2007 01:00,32.0,,,30.0
Bodio,15.11.2007 00:00,34.0,,,35.0
Bodio,15.12.2007 00:00,43.0,,,42.0
Bodio,15.01.2008 00:00,44.0,,,54.0
Bodio,15.02.2008 00:00,51.0,,,55.0
Bodio,15.03.2008 00:00,20.0,,1.0,26.0
Bodio,15.04.2008 01:00,17.0,,16.0,26.0
Bodio,15.05.2008 01:00,23.0,,69.0,23.0
Bodio,15.06.2008 01:00,22.0,,56.0,19.0
Bodio,15.07.2008 01:00,19.0,,50.0,22.0
Bodio,15.08.2008 01:00,19.0,,33.0,23.0
Bodio,15.09.2008 01:00,23.0,,,26.0
Bodio,15.10.2008 01:00,33.0,,,31.0
Bodio,15.11.2008 00:00,25.0,,,31.0
Bodio,15.12.2008 00:00,28.0,,,41.0
Bodio,15.01.2009 00:00,36.0,,,49.0
Bodio,15.02.2009 00:00,26.0,,,38.0
Bodio,15.03.2009 00:00,16.0,,,23.0
Bodio,15.04.2009 01:00,17.0,,40.0,25.0
Bodio,15.05.2009 01:00,20.0,,84.0,20.0
Bodio,15.06.2009 01:00,16.0,,79.0,16.0
Bodio,15.07.2009 01:00,20.0,,68.0,22.0
Bodio,15.08.2009 01:00,20.0,,26.0,25.0
Bodio,15.09.2009 01:00,23.0,,,29.0
Bodio,15.10.2009 01:00,25.0,,,28.0
Bodio,15.11.2009 00:00,34.0,,,28.0
Bodio,15.12.2009 00:00,29.0,,,44.0
Bodio,15.01.2010 00:00,34.0,,,49.0
Bodio,15.02.2010 00:00,33.0,,,44.0
Bodio,15.03.2010 00:00,22.0,,,31.0
Bodio,15.04.2010 01:00,20.0,,51.0,30.0
Bodio,15.05.2010 01:00,14.0,,31.0,20.0
Bodio,15.06.2010 01:00,19.0,,84.0,19.0
Bodio,15.07.2010 01:00,21.0,,134.0,19.0
Bodio,15.08.2010 01:00,18.0,,26.0,21.0
Bodio,15.09.2010 01:00,20.0,,9.0,26.0
Bodio,15.10.2010 01:00,28.0,,,31.0
Bodio,15.11.2010 00:00,27.0,,,32.0
Bodio,15.12.2010 00:00,31.0,,,41.0
Bodio,15.01.2011 00:00,38.0,,,41.0
Bodio,15.02.2011 00:00,41.0,,,47.0
Bodio,15.03.2011 00:00,29.0,,,41.0
Bodio,15.04.2011 01:00,22.0,,85.0,26.0
Bodio,15.05.2011 01:00,19.0,,88.0,23.0
Bodio,15.06.2011 01:00,16.0,,31.0,20.0
Bodio,15.07.2011 01:00,16.0,,24.0,21.0
Bodio,15.08.2011 01:00,20.0,,27.0,30.0
Bodio,15.09.2011 01:00,24.0,,,32.0
Bodio,15.10.2011 01:00,24.0,,,32.0
Bodio,15.11.2011 00:00,33.0,,,40.0
Bodio,15.12.2011 00:00,23.0,,,36.0
Bodio,15.01.2012 00:00,28.0,,,41.0
Bodio,15.02.2012 00:00,36.0,,,48.0
Bodio,15.03.2012 00:00,25.0,,1.0,36.0
Bodio,15.04.2012 01:00,15.0,,13.0,27.0
Bodio,15.05.2012 01:00,16.0,,60.0,23.0
Bodio,15.06.2012 01:00,17.0,,83.0,22.0
Bodio,15.07.2012 01:00,20.0,,43.0,22.0
Bodio,15.08.2012 01:00,19.0,,42.0,27.0
Bodio,15.09.2012 01:00,19.0,,,29.0
Bodio,15.10.2012 01:00,25.0,,,30.0
Bodio,15.11.2012 00:00,25.0,,,40.0
Bodio,15.12.2012 00:00,25.0,,,41.0
Bodio,15.01.2013 00:00,31.0,,,44.0
Bodio,15.02.2013 00:00,23.0,,,39.0
Bodio,15.03.2013 00:00,21.0,,,36.0
Bodio,15.04.2013 01:00,17.0,,24.0,31.0
Bodio,15.05.2013 01:00,13.0,,13.0,19.0
Bodio,15.06.2013 01:00,16.0,,71.0,17.0
Bodio,15.07.2013 01:00,19.0,,152.0,24.0
Bodio,15.08.2013 01:00,15.0,,55.0,25.0
Bodio,15.09.2013 01:00,17.0,,13.0,31.0
Bodio,15.10.2013 01:00,20.0,,,27.0
Bodio,15.11.2013 00:00,24.0,,,31.0
Bodio,15.12.2013 00:00,35.0,,,49.0
Bodio,15.01.2014 00:00,28.0,,,47.0
Bodio,15.02.2014 00:00,21.0,,,46.0
Bodio,15.03.2014 00:00,20.0,,,33.0
Bodio,15.04.2014 01:00,18.0,,22.0,23.0
Bodio,15.05.2014 01:00,14.0,,37.0,17.0
Bodio,15.06.2014 01:00,16.0,,56.0,15.0
Bodio,15.07.2014 01:00,14.0,,32.0,21.0
Bodio,15.08.2014 01:00,14.0,,,21.0
Bodio,15.09.2014 01:00,17.0,,,25.0
Bodio,15.10.2014 01:00,21.0,,,27.0
Bodio,15.11.2014 00:00,23.0,,,36.0
Bodio,15.12.2014 00:00,26.0,,,35.0
Bodio,15.01.2015 00:00,26.0,,,42.0
Bodio,15.02.2015 00:00,26.0,,,44.0
Bodio,15.03.2015 00:00,22.0,,,34.0
Bodio,15.04.2015 01:00,16.0,,43.0,23.0
Bodio,15.05.2015 01:00,15.0,,56.0,19.0
Bodio,15.06.2015 01:00,17.0,,78.0,20.0
Bodio,15.07.2015 01:00,23.0,,193.0,21.0
Bodio,15.08.2015 01:00,17.0,,73.0,25.0
Bodio,15.09.2015 01:00,15.0,,,26.0
Bodio,15.10.2015 01:00,21.0,,,32.0
Bodio,15.11.2015 00:00,34.0,,,41.0
Bodio,15.12.2015 00:00,35.0,,,47.0
Bodio,15.01.2016 00:00,29.0,,,37.0
Bodio,15.02.2016 00:00,20.0,,,33.0
Bodio,15.03.2016 00:00,16.0,,2.0,30.0
Bodio,15.04.2016 01:00,16.0,,6.0,23.0
Bodio,15.05.2016 01:00,12.0,,62.0,20.0
Bodio,15.06.2016 01:00,12.0,6.0,33.0,16.0
Bodio,15.07.2016 01:00,17.0,9.0,42.0,21.0
Bodio,15.08.2016 01:00,13.0,7.0,21.0,23.0
Bodio,15.09.2016 01:00,18.0,10.0,13.0,27.0
Bodio,15.10.2016 01:00,18.0,10.0,,32.0
Bodio,15.11.2016 00:00,25.0,16.0,,36.0
Bodio,15.12.2016 00:00,34.0,21.0,,46.0
Bodio,15.01.2017 00:00,40.0,29.0,,46.0
Bodio,15.02.2017 00:00,29.0,21.0,,40.0
Bodio,15.03.2017 00:00,18.0,10.0,4.0,31.0
Bodio,15.04.2017 01:00,12.0,7.0,18.0,19.0
Bione s. Minusio,15.01.2007 00:00,,,,20.0
Bione s. Minusio,15.02.2007 00:00,,,,24.0
Bione s. Minusio,15.03.2007 00:00,,,58.0,12.0
Bione s. Minusio,15.04.2007 01:00,,,64.0,11.0
Bione s. Minusio,15.05.2007 01:00,,,23.0,7.0
Bione s. Minusio,15.06.2007 01:00,,,29.0,6.0
Bione s. Minusio,15.07.2007 01:00,,,111.0,7.0
Bione s. Minusio,15.08.2007 01:00,,,36.0,7.0
Bione s. Minusio,15.09.2007 01:00,,,32.0,10.0
Bione s. Minusio,15.10.2007 01:00,,,,15.0
Bione s. Minusio,15.11.2007 00:00,,,,18.0
Bione s. Minusio,15.12.2007 00:00,,,,19.0
Bione s. Minusio,15.01.2008 00:00,,,,20.0
Bione s. Minusio,15.02.2008 00:00,,,,27.0
Bione s. Minusio,15.03.2008 00:00,,,,14.0
Bione s. Minusio,15.04.2008 01:00,,,,12.0
Bione s. Minusio,15.05.2008 01:00,,,,9.0
Bione s. Minusio,15.06.2008 01:00,,,115.0,8.0
Bione s. Minusio,15.07.2008 01:00,,,108.0,8.0
Bione s. Minusio,15.08.2008 01:00,,,77.0,7.0
Bione s. Minusio,15.09.2008 01:00,,,,9.0
Bione s. Minusio,15.10.2008 01:00,,,2.0,
Bione s. Minusio,15.11.2008 00:00,,,,12.0
Bione s. Minusio,15.12.2008 00:00,12.0,,,16.0
Bione s. Minusio,15.01.2009 00:00,17.0,,,20.0
Bione s. Minusio,15.02.2009 00:00,14.0,,,14.0
Bione s. Minusio,15.03.2009 00:00,13.0,,16.0,10.0
Bione s. Minusio,15.04.2009 01:00,14.0,,48.0,9.0
Bione s. Minusio,15.05.2009 01:00,17.0,,124.0,7.0
Bione s. Minusio,15.06.2009 01:00,12.0,,123.0,6.0
Bione s. Minusio,15.07.2009 01:00,14.0,,141.0,7.0
Bione s. Minusio,15.08.2009 01:00,16.0,,89.0,6.0
Bione s. Minusio,15.09.2009 01:00,16.0,,34.0,8.0
Bione s. Minusio,15.10.2009 01:00,15.0,,2.0,11.0
Bione s. Minusio,15.11.2009 00:00,20.0,,,19.0
Bione s. Minusio,15.12.2009 00:00,12.0,,,14.0
Bione s. Minusio,15.01.2010 00:00,24.0,,,24.0
Bione s. Minusio,15.02.2010 00:00,19.0,,,19.0
Bione s. Minusio,15.03.2010 00:00,16.0,,,13.0
Bione s. Minusio,15.04.2010 01:00,15.0,,114.0,9.0
Bione s. Minusio,15.05.2010 01:00,11.0,,51.0,7.0
Bione s. Minusio,15.06.2010 01:00,16.0,,144.0,7.0
Bione s. Minusio,15.07.2010 01:00,18.0,,226.0,7.0
Bione s. Minusio,15.08.2010 01:00,13.0,,67.0,6.0
Bione s. Minusio,15.09.2010 01:00,11.0,,46.0,8.0
Bione s. Minusio,15.10.2010 01:00,17.0,,,12.0
Bione s. Minusio,15.11.2010 00:00,11.0,,,15.0
Bione s. Minusio,15.12.2010 00:00,10.0,,,15.0
Bione s. Minusio,15.01.2011 00:00,21.0,,,23.0
Bione s. Minusio,15.02.2011 00:00,24.0,,,20.0
Bione s. Minusio,15.03.2011 00:00,16.0,,27.0,16.0
Bione s. Minusio,15.04.2011 01:00,18.0,,156.0,11.0
Bione s. Minusio,15.05.2011 01:00,15.0,,172.0,9.0
Bione s. Minusio,15.06.2011 01:00,13.0,,72.0,6.0
Bione s. Minusio,15.07.2011 01:00,12.0,,74.0,7.0
Bione s. Minusio,15.08.2011 01:00,18.0,,113.0,7.0
Bione s. Minusio,15.09.2011 01:00,17.0,,74.0,8.0
Bione s. Minusio,15.10.2011 01:00,17.0,,19.0,11.0
Bione s. Minusio,15.11.2011 00:00,16.0,,,15.0
Bione s. Minusio,15.12.2011 00:00,12.0,,,17.0
Bione s. Minusio,15.01.2012 00:00,16.0,,,17.0
Bione s. Minusio,15.02.2012 00:00,28.0,,,19.0
Bione s. Minusio,15.03.2012 00:00,20.0,,33.0,12.0
Bione s. Minusio,15.04.2012 01:00,11.0,,21.0,12.0
Bione s. Minusio,15.05.2012 01:00,12.0,,119.0,9.0
Bione s. Minusio,15.06.2012 01:00,17.0,,128.0,8.0
Bione s. Minusio,15.07.2012 01:00,17.0,,124.0,8.0
Bione s. Minusio,15.08.2012 01:00,16.0,,150.0,8.0
Bione s. Minusio,15.09.2012 01:00,14.0,,63.0,9.0
Bione s. Minusio,15.10.2012 01:00,18.0,,,12.0
Bione s. Minusio,15.11.2012 00:00,13.0,,,15.0
Bione s. Minusio,15.12.2012 00:00,11.0,,,14.0
Bione s. Minusio,15.01.2013 00:00,18.0,,,17.0
Bione s. Minusio,15.02.2013 00:00,16.0,,,16.0
Bione s. Minusio,15.03.2013 00:00,18.0,,1.0,15.0
Bione s. Minusio,15.04.2013 01:00,16.0,,83.0,12.0
Bione s. Minusio,15.05.2013 01:00,12.0,,23.0,7.0
Bione s. Minusio,15.06.2013 01:00,15.0,,117.0,7.0
Bione s. Minusio,15.07.2013 01:00,18.0,,232.0,8.0
Bione s. Minusio,15.08.2013 01:00,13.0,,144.0,7.0
Bione s. Minusio,15.09.2013 01:00,13.0,,59.0,8.0
Bione s. Minusio,15.10.2013 01:00,17.0,,,12.0
Bione s. Minusio,15.11.2013 00:00,12.0,,,13.0
Bione s. Minusio,15.12.2013 00:00,9.0,,,15.0
Bione s. Minusio,15.01.2014 00:00,9.0,,,13.0
Bione s. Minusio,15.02.2014 00:00,9.0,,,14.0
Bione s. Minusio,15.03.2014 00:00,17.0,,39.0,11.0
Bione s. Minusio,15.04.2014 01:00,16.0,,48.0,9.0
Bione s. Minusio,15.05.2014 01:00,11.0,,71.0,7.0
Bione s. Minusio,15.06.2014 01:00,14.0,,139.0,7.0
Bione s. Minusio,15.07.2014 01:00,12.0,,67.0,7.0
Bione s. Minusio,15.08.2014 01:00,12.0,,9.0,6.0
Bione s. Minusio,15.09.2014 01:00,13.0,,18.0,8.0
Bione s. Minusio,15.10.2014 01:00,15.0,,,10.0
Bione s. Minusio,15.11.2014 00:00,10.0,,,13.0
Bione s. Minusio,15.12.2014 00:00,11.0,,,13.0
Bione s. Minusio,15.01.2015 00:00,11.0,,,14.0
Bione s. Minusio,15.02.2015 00:00,15.0,,,16.0
Bione s. Minusio,15.03.2015 00:00,19.0,,4.0,13.0
Bione s. Minusio,15.04.2015 01:00,12.0,,104.0,9.0
Bione s. Minusio,15.05.2015 01:00,12.0,,100.0,7.0
Bione s. Minusio,15.06.2015 01:00,14.0,,155.0,7.0
Bione s. Minusio,15.07.2015 01:00,20.0,,293.0,8.0
Bione s. Minusio,15.08.2015 01:00,14.0,,142.0,7.0
Bione s. Minusio,15.09.2015 01:00,12.0,,2.0,8.0
Bione s. Minusio,15.10.2015 01:00,13.0,,,10.0
Bione s. Minusio,15.11.2015 00:00,13.0,,,16.0
Bione s. Minusio,15.12.2015 00:00,16.0,,,19.0
Bione s. Minusio,15.01.2016 00:00,16.0,,,17.0
Bione s. Minusio,15.02.2016 00:00,14.0,,,16.0
Bione s. Minusio,15.03.2016 00:00,11.0,,13.0,10.0
Bione s. Minusio,15.04.2016 01:00,14.0,,13.0,8.0
Bione s. Minusio,15.05.2016 01:00,9.0,,77.0,6.0
Bione s. Minusio,15.06.2016 01:00,10.0,,81.0,5.0
Bione s. Minusio,15.07.2016 01:00,14.0,,141.0,6.0
Bione s. Minusio,15.08.2016 01:00,11.0,,133.0,6.0
Bione s. Minusio,15.09.2016 01:00,15.0,,83.0,7.0
Bione s. Minusio,15.10.2016 01:00,11.0,,,9.0
Bione s. Minusio,15.11.2016 00:00,14.0,,,15.0
Bione s. Minusio,15.12.2016 00:00,14.0,,,15.0
Bione s. Minusio,15.01.2017 00:00,24.0,,,21.0
Bione s. Minusio,15.02.2017 00:00,18.0,,,18.0
Bione s. Minusio,15.03.2017 00:00,15.0,,19.0,10.0
Bione s. Minusio,15.04.2017 01:00,11.0,,54.0,6.0
Camignolo,15.01.2007 00:00,35.0,22.0,,58.0
Camignolo,15.02.2007 00:00,42.0,28.0,,
Camignolo,15.03.2007 00:00,26.0,17.0,2.0,55.0
Camignolo,15.04.2007 01:00,37.0,23.0,51.0,73.0
Camignolo,15.05.2007 01:00,21.0,11.0,23.0,55.0
Camignolo,15.06.2007 01:00,20.0,13.0,3.0,52.0
Camignolo,15.07.2007 01:00,22.0,12.0,28.0,70.0
Camignolo,15.08.2007 01:00,19.0,11.0,10.0,60.0
Camignolo,15.09.2007 01:00,20.0,12.0,1.0,61.0
Camignolo,15.10.2007 01:00,31.0,18.0,,57.0
Camignolo,15.11.2007 00:00,25.0,15.0,,55.0
Camignolo,15.12.2007 00:00,33.0,21.0,,67.0
Camignolo,15.01.2008 00:00,36.0,22.0,,70.0
Camignolo,15.02.2008 00:00,53.0,35.0,,77.0
Camignolo,15.03.2008 00:00,21.0,13.0,,49.0
Camignolo,15.04.2008 01:00,16.0,9.0,,48.0
Camignolo,15.05.2008 01:00,22.0,13.0,,53.0
Camignolo,15.06.2008 01:00,23.0,14.0,,46.0
Camignolo,15.07.2008 01:00,20.0,12.0,,56.0
Camignolo,15.08.2008 01:00,20.0,,,57.0
Camignolo,15.09.2008 01:00,24.0,,,53.0
Camignolo,15.10.2008 01:00,,,,55.0
Camignolo,15.11.2008 00:00,,,,48.0
Camignolo,15.12.2008 00:00,,,,51.0
Camignolo,15.01.2009 00:00,,,,69.0
Camignolo,15.02.2009 00:00,,,,56.0
Camignolo,15.03.2009 00:00,,,,48.0
Camignolo,15.04.2009 01:00,,,,57.0
Camignolo,15.05.2009 01:00,,,,53.0
Camignolo,15.06.2009 01:00,,,,52.0
Camignolo,15.07.2009 01:00,,,,62.0
Camignolo,15.08.2009 01:00,,,,62.0
Camignolo,15.09.2009 01:00,,,,60.0
Camignolo,15.10.2009 01:00,,,,58.0
Camignolo,15.11.2009 00:00,,,,59.0
Camignolo,15.12.2009 00:00,,,,63.0
Camignolo,15.01.2010 00:00,,,,69.0
Camignolo,15.02.2010 00:00,,,,65.0
Camignolo,15.03.2010 00:00,,,,57.0
Camignolo,15.04.2010 01:00,,,,63.0
Camignolo,15.05.2010 01:00,,,,47.0
Camignolo,15.06.2010 01:00,,,,49.0
Camignolo,15.07.2010 01:00,,,,55.0
Camignolo,15.08.2010 01:00,,,,54.0
Camignolo,15.09.2010 01:00,,,,57.0
Camignolo,15.10.2010 01:00,,,,61.0
Camignolo,15.11.2010 00:00,,,,52.0
Camignolo,15.12.2010 00:00,,,,61.0
Camignolo,15.01.2011 00:00,,,,73.0
Camignolo,15.02.2011 00:00,,,,75.0
Camignolo,15.03.2011 00:00,,,,66.0
Camignolo,15.04.2011 01:00,,,,61.0
Camignolo,15.05.2011 01:00,,,22.0,56.0
Camignolo,15.06.2011 01:00,,,,52.0
Camignolo,15.07.2011 01:00,,,,52.0
Camignolo,15.08.2011 01:00,,,,62.0
Camignolo,15.09.2011 01:00,,,,65.0
Camignolo,15.10.2011 01:00,,,,59.0
Camignolo,15.11.2011 00:00,,,,72.0
Camignolo,15.12.2011 00:00,,,,60.0
Camignolo,15.01.2012 00:00,,,,64.0
Camignolo,15.02.2012 00:00,,,,73.0
Camignolo,15.03.2012 00:00,,,,63.0
Camignolo,15.04.2012 01:00,,,,57.0
Camignolo,15.05.2012 01:00,,,,52.0
Camignolo,15.06.2012 01:00,,,,53.0
Camignolo,15.07.2012 01:00,,,,54.0
Camignolo,15.08.2012 01:00,,,,56.0
Camignolo,15.09.2012 01:00,,,,57.0
Camignolo,15.10.2012 01:00,,,,52.0
Camignolo,15.11.2012 00:00,,,,60.0
Camignolo,15.12.2012 00:00,,,,65.0
Camignolo,15.01.2013 00:00,,,,66.0
Camignolo,15.02.2013 00:00,,,,64.0
Camignolo,15.03.2013 00:00,,,,60.0
Camignolo,15.04.2013 01:00,,,,61.0
Camignolo,15.05.2013 01:00,,,,46.0
Camignolo,15.06.2013 01:00,,,,44.0
Camignolo,15.07.2013 01:00,,,,49.0
Camignolo,15.08.2013 01:00,,,,55.0
Camignolo,15.09.2013 01:00,,,,60.0
Camignolo,15.10.2013 01:00,,,,51.0
Camignolo,15.11.2013 00:00,,,,48.0
Camignolo,15.12.2013 00:00,,,,74.0
Camignolo,15.01.2014 00:00,,,,67.0
Camignolo,15.02.2014 00:00,,,,60.0
Camignolo,15.03.2014 00:00,,,,55.0
Camignolo,15.04.2014 01:00,,,,52.0
Camignolo,15.05.2014 01:00,,,,46.0
Camignolo,15.06.2014 01:00,,,,47.0
Camignolo,15.07.2014 01:00,,,,52.0
Camignolo,15.08.2014 01:00,,,,52.0
Camignolo,15.09.2014 01:00,,,,55.0
Camignolo,15.10.2014 01:00,,,,55.0
Camignolo,15.11.2014 00:00,,,,57.0
Camignolo,15.12.2014 00:00,,,,56.0
Camignolo,15.01.2015 00:00,,,,63.0
Camignolo,15.02.2015 00:00,,,,63.0
Camignolo,15.03.2015 00:00,,,,56.0
Camignolo,15.04.2015 01:00,,,,52.0
Camignolo,15.05.2015 01:00,,,,46.0
Camignolo,15.06.2015 01:00,,,,51.0
Camignolo,15.07.2015 01:00,,,,56.0
Camignolo,15.08.2015 01:00,,,,56.0
Camignolo,15.09.2015 01:00,,,,52.0
Camignolo,15.10.2015 01:00,,,,55.0
Camignolo,15.11.2015 00:00,,,,66.0
Camignolo,15.12.2015 00:00,,,,80.0
Camignolo,15.01.2016 00:00,,,,59.0
Camignolo,15.02.2016 00:00,,,,51.0
Camignolo,15.03.2016 00:00,,,,51.0
Camignolo,15.04.2016 01:00,,,,47.0
Camignolo,15.05.2016 01:00,,,,49.0
Camignolo,15.06.2016 01:00,,,,45.0
Camignolo,15.07.2016 01:00,,,,46.0
Camignolo,15.08.2016 01:00,,,,49.0
Camignolo,15.09.2016 01:00,,,,52.0
Camignolo,15.10.2016 01:00,,,,52.0
Camignolo,15.11.2016 00:00,,,,53.0
Camignolo,15.12.2016 00:00,,,,73.0
Camignolo,15.01.2017 00:00,,,,68.0
Camignolo,15.02.2017 00:00,,,,61.0
Camignolo,15.03.2017 00:00,,,,52.0
Camignolo,15.04.2017 01:00,,,,48.0
Chiasso,15.01.2007 00:00,65.0,,,60.0
Chiasso,15.02.2007 00:00,66.0,,,66.0
Chiasso,15.03.2007 00:00,39.0,,,56.0
Chiasso,15.04.2007 01:00,41.0,,150.0,
Chiasso,15.05.2007 01:00,24.0,,93.0,31.0
Chiasso,15.06.2007 01:00,24.0,,113.0,27.0
Chiasso,15.07.2007 01:00,23.0,,224.0,31.0
Chiasso,15.08.2007 01:00,20.0,,95.0,26.0
Chiasso,15.09.2007 01:00,23.0,,38.0,37.0
Chiasso,15.10.2007 01:00,38.0,,,44.0
Chiasso,15.11.2007 00:00,43.0,,,54.0
Chiasso,15.12.2007 00:00,71.0,,,63.0
Chiasso,15.01.2008 00:00,54.0,,,60.0
Chiasso,15.02.2008 00:00,82.0,,,67.0
Chiasso,15.03.2008 00:00,28.0,,2.0,45.0
Chiasso,15.04.2008 01:00,19.0,,7.0,41.0
Chiasso,15.05.2008 01:00,22.0,,56.0,33.0
Chiasso,15.06.2008 01:00,24.0,,111.0,31.0
Chiasso,15.07.2008 01:00,22.0,,128.0,28.0
Chiasso,15.08.2008 01:00,22.0,,115.0,25.0
Chiasso,15.09.2008 01:00,25.0,,11.0,35.0
Chiasso,15.10.2008 01:00,45.0,,,44.0
Chiasso,15.11.2008 00:00,33.0,,,42.0
Chiasso,15.12.2008 00:00,39.0,,,55.0
Chiasso,15.01.2009 00:00,61.0,,,65.0
Chiasso,15.02.2009 00:00,44.0,,,54.0
Chiasso,15.03.2009 00:00,33.0,,,44.0
Chiasso,15.04.2009 01:00,23.0,,8.0,37.0
Chiasso,15.05.2009 01:00,26.0,,151.0,28.0
Chiasso,15.06.2009 01:00,21.0,,164.0,23.0
Chiasso,15.07.2009 01:00,23.0,,210.0,24.0
Chiasso,15.08.2009 01:00,21.0,,204.0,24.0
Chiasso,15.09.2009 01:00,25.0,,59.0,37.0
Chiasso,15.10.2009 01:00,34.0,,3.0,41.0
Chiasso,15.11.2009 00:00,47.0,,,45.0
Chiasso,15.12.2009 00:00,45.0,,,59.0
Chiasso,15.01.2010 00:00,66.0,,,62.0
Chiasso,15.02.2010 00:00,48.0,,,63.0
Chiasso,15.03.2010 00:00,35.0,,,47.0
Chiasso,15.04.2010 01:00,25.0,,42.0,41.0
Chiasso,15.05.2010 01:00,18.0,,47.0,28.0
Chiasso,15.06.2010 01:00,22.0,,127.0,25.0
Chiasso,15.07.2010 01:00,25.0,,236.0,22.0
Chiasso,15.08.2010 01:00,19.0,,83.0,24.0
Chiasso,15.09.2010 01:00,21.0,,31.0,35.0
Chiasso,15.10.2010 01:00,37.0,,,39.0
Chiasso,15.11.2010 00:00,29.0,,,44.0
Chiasso,15.12.2010 00:00,39.0,,,59.0
Chiasso,15.01.2011 00:00,67.0,,,66.0
Chiasso,15.02.2011 00:00,70.0,,,66.0
Chiasso,15.03.2011 00:00,36.0,,4.0,48.0
Chiasso,15.04.2011 01:00,29.0,,78.0,38.0
Chiasso,15.05.2011 01:00,23.0,,138.0,30.0
Chiasso,15.06.2011 01:00,19.0,,75.0,27.0
Chiasso,15.07.2011 01:00,18.0,,107.0,22.0
Chiasso,15.08.2011 01:00,22.0,,175.0,26.0
Chiasso,15.09.2011 01:00,27.0,,86.0,40.0
Chiasso,15.10.2011 01:00,34.0,,18.0,42.0
Chiasso,15.11.2011 00:00,60.0,,,59.0
Chiasso,15.12.2011 00:00,50.0,,,63.0
Chiasso,15.01.2012 00:00,57.0,,,65.0
Chiasso,15.02.2012 00:00,70.0,,,72.0
Chiasso,15.03.2012 00:00,46.0,,8.0,55.0
Chiasso,15.04.2012 01:00,18.0,,10.0,34.0
Chiasso,15.05.2012 01:00,19.0,,96.0,28.0
Chiasso,15.06.2012 01:00,24.0,,125.0,24.0
Chiasso,15.07.2012 01:00,24.0,,141.0,24.0
Chiasso,15.08.2012 01:00,24.0,,202.0,28.0
Chiasso,15.09.2012 01:00,24.0,,38.0,36.0
Chiasso,15.10.2012 01:00,33.0,,,42.0
Chiasso,15.11.2012 00:00,36.0,,,49.0
Chiasso,15.12.2012 00:00,40.0,,,58.0
Chiasso,15.01.2013 00:00,50.0,,,59.0
Chiasso,15.02.2013 00:00,43.0,,,61.0
Chiasso,15.03.2013 00:00,32.0,,,49.0
Chiasso,15.04.2013 01:00,26.0,,23.0,41.0
Chiasso,15.05.2013 01:00,16.0,,,28.0
Chiasso,15.06.2013 01:00,20.0,,136.0,25.0
Chiasso,15.07.2013 01:00,24.0,,260.0,26.0
Chiasso,15.08.2013 01:00,19.0,,169.0,27.0
Chiasso,15.09.2013 01:00,22.0,,51.0,35.0
Chiasso,15.10.2013 01:00,30.0,,,34.0
Chiasso,15.11.2013 00:00,31.0,,,43.0
Chiasso,15.12.2013 00:00,49.0,,,60.0
Chiasso,15.01.2014 00:00,35.0,,,52.0
Chiasso,15.02.2014 00:00,23.0,,,50.0
Chiasso,15.03.2014 00:00,38.0,,6.0,46.0
Chiasso,15.04.2014 01:00,25.0,,22.0,36.0
Chiasso,15.05.2014 01:00,17.0,,54.0,25.0
Chiasso,15.06.2014 01:00,20.0,,138.0,24.0
Chiasso,15.07.2014 01:00,15.0,,87.0,25.0
Chiasso,15.08.2014 01:00,16.0,,26.0,22.0
Chiasso,15.09.2014 01:00,22.0,,23.0,31.0
Chiasso,15.10.2014 01:00,30.0,,,36.0
Chiasso,15.11.2014 00:00,28.0,,,39.0
Chiasso,15.12.2014 00:00,33.0,,,45.0
Chiasso,15.01.2015 00:00,36.0,,,53.0
Chiasso,15.02.2015 00:00,40.0,,,58.0
Chiasso,15.03.2015 00:00,37.0,,,45.0
Chiasso,15.04.2015 01:00,22.0,,37.0,36.0
Chiasso,15.05.2015 01:00,19.0,,72.0,25.0
Chiasso,15.06.2015 01:00,21.0,,197.0,22.0
Chiasso,15.07.2015 01:00,28.0,,309.0,23.0
Chiasso,15.08.2015 01:00,23.0,,174.0,22.0
Chiasso,15.09.2015 01:00,18.0,,2.0,29.0
Chiasso,15.10.2015 01:00,28.0,,,34.0
Chiasso,15.11.2015 00:00,46.0,,,51.0
Chiasso,15.12.2015 00:00,68.0,,,62.0
Chiasso,15.01.2016 00:00,39.0,,,55.0
Chiasso,15.02.2016 00:00,22.0,,,47.0
Chiasso,15.03.2016 00:00,19.0,,,39.0
Chiasso,15.04.2016 01:00,19.0,,5.0,29.0
Chiasso,15.05.2016 01:00,11.0,,64.0,25.0
Chiasso,15.06.2016 01:00,12.0,,103.0,20.0
Chiasso,15.07.2016 01:00,15.0,,173.0,19.0
Chiasso,15.08.2016 01:00,13.0,,140.0,19.0
Chiasso,15.09.2016 01:00,20.0,,77.0,28.0
Chiasso,15.10.2016 01:00,19.0,,,31.0
Chiasso,15.11.2016 00:00,29.0,25.0,,46.0
Chiasso,15.12.2016 00:00,44.0,39.0,,59.0
Chiasso,15.01.2017 00:00,52.0,45.0,,62.0
Chiasso,15.02.2017 00:00,43.0,39.0,,55.0
Chiasso,15.03.2017 00:00,32.0,25.0,10.0,45.0
Chiasso,15.04.2017 01:00,18.0,13.0,51.0,30.0
Giubiasco,15.01.2007 00:00,,,,
Giubiasco,15.02.2007 00:00,,,,
Giubiasco,15.03.2007 00:00,,,,
Giubiasco,15.04.2007 01:00,,,,
Giubiasco,15.05.2007 01:00,,,,
Giubiasco,15.06.2007 01:00,,,,
Giubiasco,15.07.2007 01:00,,,,
Giubiasco,15.08.2007 01:00,,,,
Giubiasco,15.09.2007 01:00,,,,
Giubiasco,15.10.2007 01:00,,,,
Giubiasco,15.11.2007 00:00,,,,
Giubiasco,15.12.2007 00:00,,,,
Giubiasco,15.01.2008 00:00,,,,
Giubiasco,15.02.2008 00:00,,,,
Giubiasco,15.03.2008 00:00,,,,
Giubiasco,15.04.2008 01:00,,,,
Giubiasco,15.05.2008 01:00,,,,
Giubiasco,15.06.2008 01:00,,,,
Giubiasco,15.07.2008 01:00,,,,
Giubiasco,15.08.2008 01:00,,,,
Giubiasco,15.09.2008 01:00,,,,
Giubiasco,15.10.2008 01:00,,,,
Giubiasco,15.11.2008 00:00,,,,
Giubiasco,15.12.2008 00:00,,,,42.0
Giubiasco,15.01.2009 00:00,,,,50.0
Giubiasco,15.02.2009 00:00,,,,38.0
Giubiasco,15.03.2009 00:00,,,5.0,25.0
Giubiasco,15.04.2009 01:00,,,33.0,25.0
Giubiasco,15.05.2009 01:00,30.0,,94.0,18.0
Giubiasco,15.06.2009 01:00,21.0,,95.0,16.0
Giubiasco,15.07.2009 01:00,24.0,,109.0,19.0
Giubiasco,15.08.2009 01:00,21.0,,78.0,16.0
Giubiasco,15.09.2009 01:00,27.0,,8.0,24.0
Giubiasco,15.10.2009 01:00,30.0,,,29.0
Giubiasco,15.11.2009 00:00,42.0,,,33.0
Giubiasco,15.12.2009 00:00,36.0,,,41.0
Giubiasco,15.01.2010 00:00,43.0,,,47.0
Giubiasco,15.02.2010 00:00,44.0,,,43.0
Giubiasco,15.03.2010 00:00,35.0,,,30.0
Giubiasco,15.04.2010 01:00,28.0,,14.0,27.0
Giubiasco,15.05.2010 01:00,17.0,,41.0,18.0
Giubiasco,15.06.2010 01:00,23.0,,120.0,18.0
Giubiasco,15.07.2010 01:00,26.0,,203.0,19.0
Giubiasco,15.08.2010 01:00,19.0,,46.0,17.0
Giubiasco,15.09.2010 01:00,22.0,,22.0,
Giubiasco,15.10.2010 01:00,33.0,,,30.0
Giubiasco,15.11.2010 00:00,26.0,,,32.0
Giubiasco,15.12.2010 00:00,27.0,,,38.0
Giubiasco,15.01.2011 00:00,47.0,,,45.0
Giubiasco,15.02.2011 00:00,56.0,,,48.0
Giubiasco,15.03.2011 00:00,41.0,,2.0,36.0
Giubiasco,15.04.2011 01:00,33.0,,64.0,26.0
Giubiasco,15.05.2011 01:00,27.0,,110.0,21.0
Giubiasco,15.06.2011 01:00,21.0,,54.0,18.0
Giubiasco,15.07.2011 01:00,18.0,,54.0,17.0
Giubiasco,15.08.2011 01:00,26.0,,56.0,19.0
Giubiasco,15.09.2011 01:00,29.0,,16.0,23.0
Giubiasco,15.10.2011 01:00,31.0,,4.0,26.0
Giubiasco,15.11.2011 00:00,43.0,,,39.0
Giubiasco,15.12.2011 00:00,33.0,,,35.0
Giubiasco,15.01.2012 00:00,39.0,,,38.0
Giubiasco,15.02.2012 00:00,54.0,,,44.0
Giubiasco,15.03.2012 00:00,45.0,,1.0,33.0
Giubiasco,15.04.2012 01:00,27.0,,8.0,25.0
Giubiasco,15.05.2012 01:00,29.0,,59.0,22.0
Giubiasco,15.06.2012 01:00,27.0,,92.0,19.0
Giubiasco,15.07.2012 01:00,,,36.0,
Giubiasco,15.08.2012 01:00,18.0,,107.0,15.0
Giubiasco,15.09.2012 01:00,18.0,,18.0,21.0
Giubiasco,15.10.2012 01:00,23.0,,,26.0
Giubiasco,15.11.2012 00:00,23.0,,,33.0
Giubiasco,15.12.2012 00:00,24.0,,,39.0
Giubiasco,15.01.2013 00:00,29.0,,,38.0
Giubiasco,15.02.2013 00:00,25.0,,,38.0
Giubiasco,15.03.2013 00:00,23.0,,,32.0
Giubiasco,15.04.2013 01:00,22.0,,22.0,28.0
Giubiasco,15.05.2013 01:00,14.0,,,16.0
Giubiasco,15.06.2013 01:00,18.0,,79.0,15.0
Giubiasco,15.07.2013 01:00,22.0,,195.0,20.0
Giubiasco,15.08.2013 01:00,15.0,,97.0,16.0
Giubiasco,15.09.2013 01:00,15.0,,27.0,22.0
Giubiasco,15.10.2013 01:00,18.0,,,24.0
Giubiasco,15.11.2013 00:00,18.0,,,27.0
Giubiasco,15.12.2013 00:00,27.0,,,41.0
Giubiasco,15.01.2014 00:00,21.0,,,39.0
Giubiasco,15.02.2014 00:00,15.0,,,35.0
Giubiasco,15.03.2014 00:00,21.0,,5.0,27.0
Giubiasco,15.04.2014 01:00,19.0,,14.0,23.0
Giubiasco,15.05.2014 01:00,13.0,,37.0,16.0
Giubiasco,15.06.2014 01:00,15.0,,113.0,15.0
Giubiasco,15.07.2014 01:00,14.0,,47.0,17.0
Giubiasco,15.08.2014 01:00,11.0,,11.0,14.0
Giubiasco,15.09.2014 01:00,16.0,,7.0,21.0
Giubiasco,15.10.2014 01:00,18.0,,,25.0
Giubiasco,15.11.2014 00:00,17.0,,,30.0
Giubiasco,15.12.2014 00:00,21.0,,,32.0
Giubiasco,15.01.2015 00:00,22.0,,,38.0
Giubiasco,15.02.2015 00:00,21.0,,,37.0
Giubiasco,15.03.2015 00:00,23.0,,,30.0
Giubiasco,15.04.2015 01:00,17.0,,50.0,20.0
Giubiasco,15.05.2015 01:00,13.0,,62.0,14.0
Giubiasco,15.06.2015 01:00,16.0,,127.0,15.0
Giubiasco,15.07.2015 01:00,25.0,,257.0,18.0
Giubiasco,15.08.2015 01:00,16.0,,122.0,15.0
Giubiasco,15.09.2015 01:00,13.0,,,18.0
Giubiasco,15.10.2015 01:00,18.0,,,26.0
Giubiasco,15.11.2015 00:00,26.0,,,37.0
Giubiasco,15.12.2015 00:00,33.0,,,44.0
Giubiasco,15.01.2016 00:00,25.0,,,34.0
Giubiasco,15.02.2016 00:00,19.0,,,31.0
Giubiasco,15.03.2016 00:00,15.0,,4.0,24.0
Giubiasco,15.04.2016 01:00,17.0,,1.0,20.0
Giubiasco,15.05.2016 01:00,11.0,,57.0,16.0
Giubiasco,15.06.2016 01:00,12.0,,38.0,14.0
Giubiasco,15.07.2016 01:00,16.0,,82.0,14.0
Giubiasco,15.08.2016 01:00,13.0,,71.0,14.0
Giubiasco,15.09.2016 01:00,19.0,,32.0,20.0
Giubiasco,15.10.2016 01:00,17.0,,,25.0
Giubiasco,15.11.2016 00:00,18.0,13.0,,31.0
Giubiasco,15.12.2016 00:00,28.0,20.0,,43.0
Giubiasco,15.01.2017 00:00,34.0,24.0,,41.0
Giubiasco,15.02.2017 00:00,27.0,19.0,,38.0
Giubiasco,15.03.2017 00:00,22.0,12.0,1.0,28.0
Giubiasco,15.04.2017 01:00,15.0,8.0,39.0,19.0
Locarno,15.01.2007 00:00,,,,48.0
Locarno,15.02.2007 00:00,,,,54.0
Locarno,15.03.2007 00:00,,,,39.0
Locarno,15.04.2007 01:00,,,17.0,35.0
Locarno,15.05.2007 01:00,,,14.0,25.0
Locarno,15.06.2007 01:00,,,4.0,20.0
Locarno,15.07.2007 01:00,,,39.0,25.0
Locarno,15.08.2007 01:00,,,11.0,24.0
Locarno,15.09.2007 01:00,,,2.0,28.0
Locarno,15.10.2007 01:00,,,,33.0
Locarno,15.11.2007 00:00,,,,42.0
Locarno,15.12.2007 00:00,,,,50.0
Locarno,15.01.2008 00:00,,,,52.0
Locarno,15.02.2008 00:00,,,,58.0
Locarno,15.03.2008 00:00,,,,34.0
Locarno,15.04.2008 01:00,,,7.0,35.0
Locarno,15.05.2008 01:00,,,33.0,30.0
Locarno,15.06.2008 01:00,,,56.0,25.0
Locarno,15.07.2008 01:00,,,50.0,27.0
Locarno,15.08.2008 01:00,,,32.0,27.0
Locarno,15.09.2008 01:00,,,,28.0
Locarno,15.10.2008 01:00,,,,36.0
Locarno,15.11.2008 00:00,,,,37.0
Locarno,15.12.2008 00:00,,,,49.0
Locarno,15.01.2009 00:00,,,,51.0
Locarno,15.02.2009 00:00,,,,44.0
Locarno,15.03.2009 00:00,,,,33.0
Locarno,15.04.2009 01:00,,,1.0,30.0
Locarno,15.05.2009 01:00,,,26.0,23.0
Locarno,15.06.2009 01:00,,,58.0,20.0
Locarno,15.07.2009 01:00,,,60.0,21.0
Locarno,15.08.2009 01:00,,,29.0,22.0
Locarno,15.09.2009 01:00,,,5.0,25.0
Locarno,15.10.2009 01:00,,,,31.0
Locarno,15.11.2009 00:00,,,,36.0
Locarno,15.12.2009 00:00,,,,46.0
Locarno,15.01.2010 00:00,,,,48.0
Locarno,15.02.2010 00:00,,,,46.0
Locarno,15.03.2010 00:00,,,,36.0
Locarno,15.04.2010 01:00,,,5.0,33.0
Locarno,15.05.2010 01:00,,,16.0,23.0
Locarno,15.06.2010 01:00,,,73.0,22.0
Locarno,15.07.2010 01:00,,,136.0,21.0
Locarno,15.08.2010 01:00,,,22.0,22.0
Locarno,15.09.2010 01:00,,,8.0,26.0
Locarno,15.10.2010 01:00,,,,31.0
Locarno,15.11.2010 00:00,,,,35.0
Locarno,15.12.2010 00:00,,,,43.0
Locarno,15.01.2011 00:00,,,,47.0
Locarno,15.02.2011 00:00,,,,53.0
Locarno,15.03.2011 00:00,,,,38.0
Locarno,15.04.2011 01:00,,,22.0,30.0
Locarno,15.05.2011 01:00,,,61.0,24.0
Locarno,15.06.2011 01:00,,,37.0,20.0
Locarno,15.07.2011 01:00,,,31.0,21.0
Locarno,15.08.2011 01:00,,,38.0,24.0
Locarno,15.09.2011 01:00,,,19.0,27.0
Locarno,15.10.2011 01:00,,,,30.0
Locarno,15.11.2011 00:00,,,,40.0
Locarno,15.12.2011 00:00,,,,43.0
Locarno,15.01.2012 00:00,,,,45.0
Locarno,15.02.2012 00:00,,,,47.0
Locarno,15.03.2012 00:00,,,,39.0
Locarno,15.04.2012 01:00,,,2.0,28.0
Locarno,15.05.2012 01:00,,,27.0,24.0
Locarno,15.06.2012 01:00,,,64.0,20.0
Locarno,15.07.2012 01:00,,,47.0,21.0
Locarno,15.08.2012 01:00,,,73.0,23.0
Locarno,15.09.2012 01:00,,,13.0,26.0
Locarno,15.10.2012 01:00,,,,31.0
Locarno,15.11.2012 00:00,,,,38.0
Locarno,15.12.2012 00:00,,,,45.0
Locarno,15.01.2013 00:00,,,,46.0
Locarno,15.02.2013 00:00,,,,44.0
Locarno,15.03.2013 00:00,,,,37.0
Locarno,15.04.2013 01:00,,,14.0,33.0
Locarno,15.05.2013 01:00,,,,25.0
Locarno,15.06.2013 01:00,,,50.0,20.0
Locarno,15.07.2013 01:00,,,126.0,24.0
Locarno,15.08.2013 01:00,,,49.0,23.0
Locarno,15.09.2013 01:00,,,23.0,25.0
Locarno,15.10.2013 01:00,,,,27.0
Locarno,15.11.2013 00:00,,,,33.0
Locarno,15.12.2013 00:00,,,,45.0
Locarno,15.01.2014 00:00,,,,42.0
Locarno,15.02.2014 00:00,,,,41.0
Locarno,15.03.2014 00:00,19.0,,8.0,34.0
Locarno,15.04.2014 01:00,17.0,,11.0,26.0
Locarno,15.05.2014 01:00,12.0,,44.0,20.0
Locarno,15.06.2014 01:00,15.0,,127.0,17.0
Locarno,15.07.2014 01:00,12.0,,76.0,20.0
Locarno,15.08.2014 01:00,12.0,,10.0,18.0
Locarno,15.09.2014 01:00,14.0,,15.0,22.0
Locarno,15.10.2014 01:00,18.0,,,25.0
Locarno,15.11.2014 00:00,17.0,,,33.0
Locarno,15.12.2014 00:00,20.0,,,34.0
Locarno,15.01.2015 00:00,21.0,,,42.0
Locarno,15.02.2015 00:00,21.0,,,41.0
Locarno,15.03.2015 00:00,22.0,,,33.0
Locarno,15.04.2015 01:00,16.0,,68.0,24.0
Locarno,15.05.2015 01:00,14.0,,80.0,20.0
Locarno,15.06.2015 01:00,15.0,,145.0,17.0
Locarno,15.07.2015 01:00,23.0,,262.0,19.0
Locarno,15.08.2015 01:00,16.0,,116.0,19.0
Locarno,15.09.2015 01:00,13.0,,,22.0
Locarno,15.10.2015 01:00,16.0,,,27.0
Locarno,15.11.2015 00:00,23.0,,,39.0
Locarno,15.12.2015 00:00,31.0,,,45.0
Locarno,15.01.2016 00:00,25.0,,,37.0
Locarno,15.02.2016 00:00,20.0,,,35.0
Locarno,15.03.2016 00:00,16.0,,2.0,31.0
Locarno,15.04.2016 01:00,16.0,,5.0,24.0
Locarno,15.05.2016 01:00,11.0,,49.0,21.0
Locarno,15.06.2016 01:00,11.0,,57.0,16.0
Locarno,15.07.2016 01:00,,,86.0,17.0
Locarno,15.08.2016 01:00,13.0,,95.0,16.0
Locarno,15.09.2016 01:00,16.0,,47.0,19.0
Locarno,15.10.2016 01:00,14.0,,,24.0
Locarno,15.11.2016 00:00,17.0,,,32.0
Locarno,15.12.2016 00:00,29.0,,,42.0
Locarno,15.01.2017 00:00,35.0,,,41.0
Locarno,15.02.2017 00:00,29.0,,,38.0
Locarno,15.03.2017 00:00,21.0,,10.0,34.0
Locarno,15.04.2017 01:00,14.0,,46.0,22.0
Lugano,15.01.2007 00:00,37.0,,,52.0
Lugano,15.02.2007 00:00,45.0,,,57.0
Lugano,15.03.2007 00:00,29.0,,4.0,41.0
Lugano,15.04.2007 01:00,38.0,,165.0,35.0
Lugano,15.05.2007 01:00,20.0,,124.0,24.0
Lugano,15.06.2007 01:00,19.0,,103.0,20.0
Lugano,15.07.2007 01:00,20.0,,253.0,20.0
Lugano,15.08.2007 01:00,16.0,,104.0,21.0
Lugano,15.09.2007 01:00,19.0,,51.0,26.0
Lugano,15.10.2007 01:00,29.0,,,36.0
Lugano,15.11.2007 00:00,25.0,,,44.0
Lugano,15.12.2007 00:00,34.0,,,51.0
Lugano,15.01.2008 00:00,35.0,,,54.0
Lugano,15.02.2008 00:00,59.0,,,60.0
Lugano,15.03.2008 00:00,22.0,,3.0,35.0
Lugano,15.04.2008 01:00,15.0,,23.0,32.0
Lugano,15.05.2008 01:00,19.0,,86.0,23.0
Lugano,15.06.2008 01:00,20.0,,136.0,21.0
Lugano,15.07.2008 01:00,17.0,,145.0,19.0
Lugano,15.08.2008 01:00,18.0,,139.0,16.0
Lugano,15.09.2008 01:00,22.0,,8.0,26.0
Lugano,15.10.2008 01:00,33.0,,,36.0
Lugano,15.11.2008 00:00,20.0,,,40.0
Lugano,15.12.2008 00:00,26.0,,,51.0
Lugano,15.01.2009 00:00,32.0,,,56.0
Lugano,15.02.2009 00:00,31.0,,,45.0
Lugano,15.03.2009 00:00,22.0,,,35.0
Lugano,15.04.2009 01:00,19.0,,21.0,30.0
Lugano,15.05.2009 01:00,20.0,,126.0,19.0
Lugano,15.06.2009 01:00,16.0,,140.0,18.0
Lugano,15.07.2009 01:00,17.0,,191.0,18.0
Lugano,15.08.2009 01:00,17.0,,137.0,17.0
Lugano,15.09.2009 01:00,19.0,,36.0,24.0
Lugano,15.10.2009 01:00,23.0,,,34.0
Lugano,15.11.2009 00:00,33.0,,,43.0
Lugano,15.12.2009 00:00,22.0,,,45.0
Lugano,15.01.2010 00:00,43.0,,,54.0
Lugano,15.02.2010 00:00,32.0,,,52.0
Lugano,15.03.2010 00:00,23.0,,,37.0
Lugano,15.04.2010 01:00,18.0,,50.0,30.0
Lugano,15.05.2010 01:00,11.0,,50.0,21.0
Lugano,15.06.2010 01:00,16.0,,151.0,19.0
Lugano,15.07.2010 01:00,17.0,,268.0,18.0
Lugano,15.08.2010 01:00,13.0,,91.0,16.0
Lugano,15.09.2010 01:00,13.0,,42.0,26.0
Lugano,15.10.2010 01:00,26.0,,,37.0
Lugano,15.11.2010 00:00,16.0,,,40.0
Lugano,15.12.2010 00:00,20.0,,,47.0
Lugano,15.01.2011 00:00,31.0,,,55.0
Lugano,15.02.2011 00:00,35.0,,,60.0
Lugano,15.03.2011 00:00,27.0,,5.0,41.0
Lugano,15.04.2011 01:00,25.0,,80.0,29.0
Lugano,15.05.2011 01:00,19.0,,146.0,22.0
Lugano,15.06.2011 01:00,17.0,,86.0,19.0
Lugano,15.07.2011 01:00,14.0,,94.0,18.0
Lugano,15.08.2011 01:00,13.0,,147.0,17.0
Lugano,15.09.2011 01:00,19.0,,102.0,24.0
Lugano,15.10.2011 01:00,21.0,,23.0,31.0
Lugano,15.11.2011 00:00,22.0,,,46.0
Lugano,15.12.2011 00:00,16.0,,,46.0
Lugano,15.01.2012 00:00,27.0,,,48.0
Lugano,15.02.2012 00:00,45.0,,,55.0
Lugano,15.03.2012 00:00,32.0,,7.0,41.0
Lugano,15.04.2012 01:00,12.0,,10.0,28.0
Lugano,15.05.2012 01:00,15.0,,81.0,21.0
Lugano,15.06.2012 01:00,17.0,,134.0,18.0
Lugano,15.07.2012 01:00,17.0,,172.0,17.0
Lugano,15.08.2012 01:00,16.0,,214.0,18.0
Lugano,15.09.2012 01:00,15.0,,50.0,25.0
Lugano,15.10.2012 01:00,19.0,,,31.0
Lugano,15.11.2012 00:00,19.0,,,39.0
Lugano,15.12.2012 00:00,19.0,,,46.0
Lugano,15.01.2013 00:00,29.0,,,50.0
Lugano,15.02.2013 00:00,26.0,,,45.0
Lugano,15.03.2013 00:00,24.0,,,39.0
Lugano,15.04.2013 01:00,20.0,,49.0,32.0
Lugano,15.05.2013 01:00,11.0,,4.0,20.0
Lugano,15.06.2013 01:00,14.0,,125.0,17.0
Lugano,15.07.2013 01:00,17.0,,291.0,18.0
Lugano,15.08.2013 01:00,12.0,,183.0,17.0
Lugano,15.09.2013 01:00,12.0,,55.0,23.0
Lugano,15.10.2013 01:00,19.0,,,32.0
Lugano,15.11.2013 00:00,15.0,,,36.0
Lugano,15.12.2013 00:00,17.0,,,49.0
Lugano,15.01.2014 00:00,19.0,,,47.0
Lugano,15.02.2014 00:00,14.0,,,45.0
Lugano,15.03.2014 00:00,22.0,,9.0,35.0
Lugano,15.04.2014 01:00,15.0,,14.0,28.0
Lugano,15.05.2014 01:00,10.0,,57.0,19.0
Lugano,15.06.2014 01:00,12.0,,153.0,17.0
Lugano,15.07.2014 01:00,11.0,,93.0,19.0
Lugano,15.08.2014 01:00,10.0,,23.0,16.0
Lugano,15.09.2014 01:00,14.0,,17.0,22.0
Lugano,15.10.2014 01:00,19.0,,,29.0
Lugano,15.11.2014 00:00,13.0,,,38.0
Lugano,15.12.2014 00:00,16.0,,,39.0
Lugano,15.01.2015 00:00,18.0,,,46.0
Lugano,15.02.2015 00:00,23.0,,,47.0
Lugano,15.03.2015 00:00,26.0,,,37.0
Lugano,15.04.2015 01:00,14.0,,48.0,26.0
Lugano,15.05.2015 01:00,13.0,,72.0,18.0
Lugano,15.06.2015 01:00,14.0,,181.0,16.0
Lugano,15.07.2015 01:00,20.0,,340.0,16.0
Lugano,15.08.2015 01:00,14.0,,161.0,16.0
Lugano,15.09.2015 01:00,11.0,,2.0,23.0
Lugano,15.10.2015 01:00,15.0,,,28.0
Lugano,15.11.2015 00:00,21.0,,,44.0
Lugano,15.12.2015 00:00,27.0,,,50.0
Lugano,15.01.2016 00:00,26.0,,,44.0
Lugano,15.02.2016 00:00,19.0,,,41.0
Lugano,15.03.2016 00:00,16.0,,1.0,32.0
Lugano,15.04.2016 01:00,16.0,,9.0,24.0
Lugano,15.05.2016 01:00,9.0,,79.0,19.0
Lugano,15.06.2016 01:00,10.0,,99.0,15.0
Lugano,15.07.2016 01:00,13.0,,154.0,14.0
Lugano,15.08.2016 01:00,11.0,,132.0,14.0
Lugano,15.09.2016 01:00,16.0,,76.0,20.0
Lugano,15.10.2016 01:00,14.0,,,26.0
Lugano,15.11.2016 00:00,19.0,,,38.0
Lugano,15.12.2016 00:00,24.0,,,48.0
Lugano,15.01.2017 00:00,30.0,,,46.0
Lugano,15.02.2017 00:00,30.0,,,46.0
Lugano,15.03.2017 00:00,25.0,,9.0,36.0
Lugano,15.04.2017 01:00,14.0,,36.0,23.0
Magadino,15.01.2007 00:00,39.0,,,34.0
Magadino,15.02.2007 00:00,45.0,,,38.0
Magadino,15.03.2007 00:00,25.0,,7.0,26.0
Magadino,15.04.2007 01:00,32.0,,179.0,22.0
Magadino,15.05.2007 01:00,18.0,,104.0,13.0
Magadino,15.06.2007 01:00,15.0,,63.0,11.0
Magadino,15.07.2007 01:00,17.0,,153.0,11.0
Magadino,15.08.2007 01:00,12.0,,69.0,11.0
Magadino,15.09.2007 01:00,15.0,,32.0,13.0
Magadino,15.10.2007 01:00,25.0,,,21.0
Magadino,15.11.2007 00:00,26.0,,,30.0
Magadino,15.12.2007 00:00,42.0,,,39.0
Magadino,15.01.2008 00:00,40.0,,,46.0
Magadino,15.02.2008 00:00,50.0,,,45.0
Magadino,15.03.2008 00:00,19.0,,,20.0
Magadino,15.04.2008 01:00,12.0,,53.0,15.0
Magadino,15.05.2008 01:00,16.0,,90.0,11.0
Magadino,15.06.2008 01:00,17.0,,98.0,9.0
Magadino,15.07.2008 01:00,15.0,,107.0,10.0
Magadino,15.08.2008 01:00,16.0,,68.0,9.0
Magadino,15.09.2008 01:00,17.0,,,13.0
Magadino,15.10.2008 01:00,26.0,,,20.0
Magadino,15.11.2008 00:00,23.0,,,25.0
Magadino,15.12.2008 00:00,30.0,,,40.0
Magadino,15.01.2009 00:00,36.0,,,46.0
Magadino,15.02.2009 00:00,25.0,,,31.0
Magadino,15.03.2009 00:00,19.0,,7.0,19.0
Magadino,15.04.2009 01:00,15.0,,34.0,15.0
Magadino,15.05.2009 01:00,17.0,,93.0,11.0
Magadino,15.06.2009 01:00,14.0,,109.0,9.0
Magadino,15.07.2009 01:00,14.0,,111.0,10.0
Magadino,15.08.2009 01:00,16.0,,65.0,9.0
Magadino,15.09.2009 01:00,16.0,,13.0,14.0
Magadino,15.10.2009 01:00,19.0,,1.0,21.0
Magadino,15.11.2009 00:00,28.0,,,28.0
Magadino,15.12.2009 00:00,27.0,,,38.0
Magadino,15.01.2010 00:00,38.0,,,46.0
Magadino,15.02.2010 00:00,29.0,,,38.0
Magadino,15.03.2010 00:00,19.0,,,22.0
Magadino,15.04.2010 01:00,14.0,,77.0,18.0
Magadino,15.05.2010 01:00,9.0,,40.0,10.0
Magadino,15.06.2010 01:00,15.0,,126.0,10.0
Magadino,15.07.2010 01:00,17.0,,193.0,11.0
Magadino,15.08.2010 01:00,12.0,,60.0,10.0
Magadino,15.09.2010 01:00,11.0,,31.0,14.0
Magadino,15.10.2010 01:00,21.0,,,21.0
Magadino,15.11.2010 00:00,17.0,,,25.0
Magadino,15.12.2010 00:00,24.0,,,34.0
Magadino,15.01.2011 00:00,37.0,,,39.0
Magadino,15.02.2011 00:00,41.0,,,39.0
Magadino,15.03.2011 00:00,27.0,,18.0,27.0
Magadino,15.04.2011 01:00,23.0,,110.0,17.0
Magadino,15.05.2011 01:00,17.0,,156.0,11.0
Magadino,15.06.2011 01:00,15.0,,61.0,9.0
Magadino,15.07.2011 01:00,14.0,,65.0,9.0
Magadino,15.08.2011 01:00,19.0,,85.0,9.0
Magadino,15.09.2011 01:00,20.0,,36.0,12.0
Magadino,15.10.2011 01:00,22.0,,9.0,19.0
Magadino,15.11.2011 00:00,28.0,,,31.0
Magadino,15.12.2011 00:00,23.0,,,28.0
Magadino,15.01.2012 00:00,31.0,,,33.0
Magadino,15.02.2012 00:00,41.0,,,39.0
Magadino,15.03.2012 00:00,26.0,,14.0,23.0
Magadino,15.04.2012 01:00,12.0,,8.0,14.0
Magadino,15.05.2012 01:00,14.0,,85.0,9.0
Magadino,15.06.2012 01:00,17.0,,103.0,9.0
Magadino,15.07.2012 01:00,16.0,,91.0,9.0
Magadino,15.08.2012 01:00,17.0,,105.0,10.0
Magadino,15.09.2012 01:00,13.0,,26.0,12.0
Magadino,15.10.2012 01:00,17.0,,,17.0
Magadino,15.11.2012 00:00,22.0,,,25.0
Magadino,15.12.2012 00:00,27.0,,,36.0
Magadino,15.01.2013 00:00,31.0,,,34.0
Magadino,15.02.2013 00:00,24.0,,,28.0
Magadino,15.03.2013 00:00,23.0,,,22.0
Magadino,15.04.2013 01:00,16.0,,54.0,17.0
Magadino,15.05.2013 01:00,9.0,,7.0,10.0
Magadino,15.06.2013 01:00,14.0,,98.0,8.0
Magadino,15.07.2013 01:00,17.0,,211.0,10.0
Magadino,15.08.2013 01:00,12.0,,97.0,9.0
Magadino,15.09.2013 01:00,11.0,,27.0,12.0
Magadino,15.10.2013 01:00,17.0,,,17.0
Magadino,15.11.2013 00:00,17.0,,,22.0
Magadino,15.12.2013 00:00,31.0,,,39.0
Magadino,15.01.2014 00:00,24.0,,,35.0
Magadino,15.02.2014 00:00,15.0,,,30.0
Magadino,15.03.2014 00:00,20.0,,13.0,19.0
Magadino,15.04.2014 01:00,15.0,,18.0,14.0
Magadino,15.05.2014 01:00,9.0,,41.0,10.0
Magadino,15.06.2014 01:00,12.0,,101.0,9.0
Magadino,15.07.2014 01:00,10.0,,65.0,10.0
Magadino,15.08.2014 01:00,9.0,,11.0,8.0
Magadino,15.09.2014 01:00,12.0,,10.0,12.0
Magadino,15.10.2014 01:00,17.0,,,17.0
Magadino,15.11.2014 00:00,15.0,,,23.0
Magadino,15.12.2014 00:00,21.0,,,27.0
Magadino,15.01.2015 00:00,23.0,,,34.0
Magadino,15.02.2015 00:00,22.0,,,31.0
Magadino,15.03.2015 00:00,25.0,,,22.0
Magadino,15.04.2015 01:00,14.0,,65.0,14.0
Magadino,15.05.2015 01:00,12.0,,67.0,9.0
Magadino,15.06.2015 01:00,14.0,,127.0,9.0
Magadino,15.07.2015 01:00,20.0,,235.0,11.0
Magadino,15.08.2015 01:00,14.0,,102.0,10.0
Magadino,15.09.2015 01:00,10.0,,,11.0
Magadino,15.10.2015 01:00,14.0,,,18.0
Magadino,15.11.2015 00:00,25.0,,,31.0
Magadino,15.12.2015 00:00,36.0,,,41.0
Magadino,15.01.2016 00:00,26.0,,,30.0
Magadino,15.02.2016 00:00,18.0,,,25.0
Magadino,15.03.2016 00:00,15.0,,7.0,21.0
Magadino,15.04.2016 01:00,14.0,,10.0,12.0
Magadino,15.05.2016 01:00,9.0,,64.0,10.0
Magadino,15.06.2016 01:00,10.0,,56.0,7.0
Magadino,15.07.2016 01:00,12.0,,90.0,8.0
Magadino,15.08.2016 01:00,11.0,,92.0,8.0
Magadino,15.09.2016 01:00,16.0,,44.0,11.0
Magadino,15.10.2016 01:00,13.0,,,19.0
Magadino,15.11.2016 00:00,18.0,,,25.0
Magadino,15.12.2016 00:00,27.0,,,40.0
Magadino,15.01.2017 00:00,31.0,,,36.0
Magadino,15.02.2017 00:00,26.0,,,29.0
Magadino,15.03.2017 00:00,19.0,,14.0,20.0
Magadino,15.04.2017 01:00,15.0,,51.0,13.0
Mendrisio,15.01.2007 00:00,57.0,,,59.0
Mendrisio,15.02.2007 00:00,62.0,,,67.0
Mendrisio,15.03.2007 00:00,38.0,,,56.0
Mendrisio,15.04.2007 01:00,40.0,,45.0,58.0
Mendrisio,15.05.2007 01:00,22.0,,50.0,44.0
Mendrisio,15.06.2007 01:00,23.0,,30.0,38.0
Mendrisio,15.07.2007 01:00,22.0,,129.0,47.0
Mendrisio,15.08.2007 01:00,19.0,,83.0,37.0
Mendrisio,15.09.2007 01:00,23.0,,29.0,47.0
Mendrisio,15.10.2007 01:00,39.0,,,41.0
Mendrisio,15.11.2007 00:00,38.0,,,46.0
Mendrisio,15.12.2007 00:00,61.0,,,66.0
Mendrisio,15.01.2008 00:00,46.0,,,57.0
Mendrisio,15.02.2008 00:00,76.0,,,64.0
Mendrisio,15.03.2008 00:00,27.0,,2.0,43.0
Mendrisio,15.04.2008 01:00,18.0,,10.0,42.0
Mendrisio,15.05.2008 01:00,21.0,,73.0,35.0
Mendrisio,15.06.2008 01:00,22.0,,104.0,31.0
Mendrisio,15.07.2008 01:00,19.0,,115.0,33.0
Mendrisio,15.08.2008 01:00,19.0,,110.0,29.0
Mendrisio,15.09.2008 01:00,25.0,,7.0,36.0
Mendrisio,15.10.2008 01:00,40.0,,,48.0
Mendrisio,15.11.2008 00:00,26.0,,,46.0
Mendrisio,15.12.2008 00:00,33.0,,,55.0
Mendrisio,15.01.2009 00:00,57.0,,,69.0
Mendrisio,15.02.2009 00:00,42.0,,,52.0
Mendrisio,15.03.2009 00:00,32.0,,8.0,38.0
Mendrisio,15.04.2009 01:00,23.0,,42.0,30.0
Mendrisio,15.05.2009 01:00,27.0,,163.0,34.0
Mendrisio,15.06.2009 01:00,22.0,,164.0,
Mendrisio,15.07.2009 01:00,21.0,,197.0,
Mendrisio,15.08.2009 01:00,21.0,,179.0,30.0
Mendrisio,15.09.2009 01:00,25.0,,62.0,41.0
Mendrisio,15.10.2009 01:00,34.0,,5.0,46.0
Mendrisio,15.11.2009 00:00,46.0,,,50.0
Mendrisio,15.12.2009 00:00,43.0,,,59.0
Mendrisio,15.01.2010 00:00,65.0,,,61.0
Mendrisio,15.02.2010 00:00,45.0,,,61.0
Mendrisio,15.03.2010 00:00,33.0,,4.0,47.0
Mendrisio,15.04.2010 01:00,24.0,,68.0,42.0
Mendrisio,15.05.2010 01:00,18.0,,54.0,31.0
Mendrisio,15.06.2010 01:00,23.0,,135.0,33.0
Mendrisio,15.07.2010 01:00,25.0,,257.0,32.0
Mendrisio,15.08.2010 01:00,18.0,,94.0,31.0
Mendrisio,15.09.2010 01:00,19.0,,48.0,39.0
Mendrisio,15.10.2010 01:00,35.0,,,46.0
Mendrisio,15.11.2010 00:00,23.0,,,44.0
Mendrisio,15.12.2010 00:00,36.0,,,58.0
Mendrisio,15.01.2011 00:00,62.0,,,63.0
Mendrisio,15.02.2011 00:00,63.0,,,61.0
Mendrisio,15.03.2011 00:00,34.0,,6.0,48.0
Mendrisio,15.04.2011 01:00,29.0,,91.0,44.0
Mendrisio,15.05.2011 01:00,22.0,,172.0,37.0
Mendrisio,15.06.2011 01:00,20.0,,86.0,34.0
Mendrisio,15.07.2011 01:00,19.0,,114.0,34.0
Mendrisio,15.08.2011 01:00,23.0,,174.0,31.0
Mendrisio,15.09.2011 01:00,28.0,,111.0,45.0
Mendrisio,15.10.2011 01:00,34.0,,25.0,45.0
Mendrisio,15.11.2011 00:00,54.0,,,58.0
Mendrisio,15.12.2011 00:00,40.0,,,60.0
Mendrisio,15.01.2012 00:00,51.0,,,62.0
Mendrisio,15.02.2012 00:00,70.0,,,68.0
Mendrisio,15.03.2012 00:00,42.0,,8.0,55.0
Mendrisio,15.04.2012 01:00,17.0,,11.0,38.0
Mendrisio,15.05.2012 01:00,20.0,,93.0,34.0
Mendrisio,15.06.2012 01:00,24.0,,149.0,32.0
Mendrisio,15.07.2012 01:00,25.0,,179.0,36.0
Mendrisio,15.08.2012 01:00,25.0,,222.0,35.0
Mendrisio,15.09.2012 01:00,24.0,,63.0,41.0
Mendrisio,15.10.2012 01:00,32.0,,,45.0
Mendrisio,15.11.2012 00:00,34.0,,,52.0
Mendrisio,15.12.2012 00:00,37.0,,,62.0
Mendrisio,15.01.2013 00:00,48.0,,,64.0
Mendrisio,15.02.2013 00:00,43.0,,,61.0
Mendrisio,15.03.2013 00:00,33.0,,,51.0
Mendrisio,15.04.2013 01:00,26.0,,54.0,45.0
Mendrisio,15.05.2013 01:00,17.0,,12.0,33.0
Mendrisio,15.06.2013 01:00,21.0,,122.0,34.0
Mendrisio,15.07.2013 01:00,24.0,,272.0,37.0
Mendrisio,15.08.2013 01:00,19.0,,186.0,34.0
Mendrisio,15.09.2013 01:00,21.0,,65.0,43.0
Mendrisio,15.10.2013 01:00,28.0,,,39.0
Mendrisio,15.11.2013 00:00,27.0,,,45.0
Mendrisio,15.12.2013 00:00,43.0,,,65.0
Mendrisio,15.01.2014 00:00,31.0,,,55.0
Mendrisio,15.02.2014 00:00,20.0,,,51.0
Mendrisio,15.03.2014 00:00,34.0,,14.0,48.0
Mendrisio,15.04.2014 01:00,24.0,,32.0,42.0
Mendrisio,15.05.2014 01:00,16.0,,80.0,31.0
Mendrisio,15.06.2014 01:00,18.0,,174.0,29.0
Mendrisio,15.07.2014 01:00,18.0,,109.0,35.0
Mendrisio,15.08.2014 01:00,16.0,,41.0,31.0
Mendrisio,15.09.2014 01:00,23.0,,38.0,39.0
Mendrisio,15.10.2014 01:00,31.0,,,43.0
Mendrisio,15.11.2014 00:00,25.0,,,44.0
Mendrisio,15.12.2014 00:00,31.0,,,52.0
Mendrisio,15.01.2015 00:00,34.0,,,56.0
Mendrisio,15.02.2015 00:00,36.0,,,57.0
Mendrisio,15.03.2015 00:00,35.0,,,50.0
Mendrisio,15.04.2015 01:00,21.0,,71.0,42.0
Mendrisio,15.05.2015 01:00,18.0,,93.0,33.0
Mendrisio,15.06.2015 01:00,20.0,,194.0,33.0
Mendrisio,15.07.2015 01:00,26.0,,324.0,35.0
Mendrisio,15.08.2015 01:00,19.0,,168.0,30.0
Mendrisio,15.09.2015 01:00,16.0,,6.0,37.0
Mendrisio,15.10.2015 01:00,24.0,,,41.0
Mendrisio,15.11.2015 00:00,43.0,,,57.0
Mendrisio,15.12.2015 00:00,62.0,,,67.0
Mendrisio,15.01.2016 00:00,43.0,,,55.0
Mendrisio,15.02.2016 00:00,25.0,,,48.0
Mendrisio,15.03.2016 00:00,22.0,,3.0,44.0
Mendrisio,15.04.2016 01:00,22.0,,14.0,34.0
Mendrisio,15.05.2016 01:00,13.0,,77.0,33.0
Mendrisio,15.06.2016 01:00,14.0,,99.0,26.0
Mendrisio,15.07.2016 01:00,18.0,,171.0,27.0
Mendrisio,15.08.2016 01:00,15.0,,150.0,25.0
Mendrisio,15.09.2016 01:00,22.0,,96.0,33.0
Mendrisio,15.10.2016 01:00,20.0,,,36.0
Mendrisio,15.11.2016 00:00,30.0,24.0,,45.0
Mendrisio,15.12.2016 00:00,44.0,35.0,,58.0
Mendrisio,15.01.2017 00:00,51.0,41.0,,57.0
Mendrisio,15.02.2017 00:00,44.0,37.0,,51.0
Mendrisio,15.03.2017 00:00,36.0,26.0,11.0,43.0
Mendrisio,15.04.2017 01:00,22.0,14.0,46.0,33.0
Pregassona,15.01.2007 00:00,35.0,,,38.0
Pregassona,15.02.2007 00:00,39.0,,,44.0
Pregassona,15.03.2007 00:00,27.0,,5.0,30.0
Pregassona,15.04.2007 01:00,34.0,,157.0,26.0
Pregassona,15.05.2007 01:00,19.0,,127.0,17.0
Pregassona,15.06.2007 01:00,20.0,,84.0,14.0
Pregassona,15.07.2007 01:00,24.0,,239.0,15.0
Pregassona,15.08.2007 01:00,22.0,,97.0,15.0
Pregassona,15.09.2007 01:00,19.0,,41.0,18.0
Pregassona,15.10.2007 01:00,29.0,,,26.0
Pregassona,15.11.2007 00:00,27.0,,,34.0
Pregassona,15.12.2007 00:00,31.0,,,40.0
Pregassona,15.01.2008 00:00,31.0,,,44.0
Pregassona,15.02.2008 00:00,56.0,,,50.0
Pregassona,15.03.2008 00:00,21.0,,7.0,28.0
Pregassona,15.04.2008 01:00,16.0,,46.0,28.0
Pregassona,15.05.2008 01:00,19.0,,82.0,20.0
Pregassona,15.06.2008 01:00,21.0,,109.0,18.0
Pregassona,15.07.2008 01:00,18.0,,132.0,17.0
Pregassona,15.08.2008 01:00,17.0,,132.0,15.0
Pregassona,15.09.2008 01:00,20.0,,7.0,21.0
Pregassona,15.10.2008 01:00,30.0,,,27.0
Pregassona,15.11.2008 00:00,21.0,,,30.0
Pregassona,15.12.2008 00:00,25.0,,,39.0
Pregassona,15.01.2009 00:00,33.0,,,45.0
Pregassona,15.02.2009 00:00,32.0,,,34.0
Pregassona,15.03.2009 00:00,22.0,,3.0,27.0
Pregassona,15.04.2009 01:00,19.0,,37.0,25.0
Pregassona,15.05.2009 01:00,23.0,,140.0,18.0
Pregassona,15.06.2009 01:00,19.0,,142.0,16.0
Pregassona,15.07.2009 01:00,19.0,,179.0,16.0
Pregassona,15.08.2009 01:00,20.0,,136.0,12.0
Pregassona,15.09.2009 01:00,21.0,,24.0,19.0
Pregassona,15.10.2009 01:00,22.0,,,24.0
Pregassona,15.11.2009 00:00,31.0,,,34.0
Pregassona,15.12.2009 00:00,23.0,,,37.0
Pregassona,15.01.2010 00:00,42.0,,,43.0
Pregassona,15.02.2010 00:00,33.0,,,43.0
Pregassona,15.03.2010 00:00,23.0,,,29.0
Pregassona,15.04.2010 01:00,21.0,,50.0,24.0
Pregassona,15.05.2010 01:00,16.0,,45.0,16.0
Pregassona,15.06.2010 01:00,21.0,,148.0,15.0
Pregassona,15.07.2010 01:00,23.0,,255.0,15.0
Pregassona,15.08.2010 01:00,17.0,,73.0,12.0
Pregassona,15.09.2010 01:00,17.0,,36.0,19.0
Pregassona,15.10.2010 01:00,26.0,,,25.0
Pregassona,15.11.2010 00:00,19.0,,,31.0
Pregassona,15.12.2010 00:00,19.0,,,36.0
Pregassona,15.01.2011 00:00,31.0,,,41.0
Pregassona,15.02.2011 00:00,35.0,,,44.0
Pregassona,15.03.2011 00:00,24.0,,4.0,33.0
Pregassona,15.04.2011 01:00,24.0,,84.0,23.0
Pregassona,15.05.2011 01:00,18.0,,156.0,18.0
Pregassona,15.06.2011 01:00,14.0,,79.0,15.0
Pregassona,15.07.2011 01:00,14.0,,89.0,14.0
Pregassona,15.08.2011 01:00,21.0,,140.0,14.0
Pregassona,15.09.2011 01:00,23.0,,81.0,19.0
Pregassona,15.10.2011 01:00,24.0,,20.0,23.0
Pregassona,15.11.2011 00:00,29.0,,,35.0
Pregassona,15.12.2011 00:00,23.0,,,35.0
Pregassona,15.01.2012 00:00,29.0,,,38.0
Pregassona,15.02.2012 00:00,46.0,,,45.0
Pregassona,15.03.2012 00:00,34.0,,6.0,30.0
Pregassona,15.04.2012 01:00,14.0,,7.0,24.0
Pregassona,15.05.2012 01:00,16.0,,84.0,17.0
Pregassona,15.06.2012 01:00,20.0,,117.0,15.0
Pregassona,15.07.2012 01:00,21.0,,155.0,15.0
Pregassona,15.08.2012 01:00,22.0,,197.0,15.0
Pregassona,15.09.2012 01:00,20.0,,33.0,19.0
Pregassona,15.10.2012 01:00,24.0,,,25.0
Pregassona,15.11.2012 00:00,23.0,,,34.0
Pregassona,15.12.2012 00:00,21.0,,,37.0
Pregassona,15.01.2013 00:00,32.0,,,41.0
Pregassona,15.02.2013 00:00,30.0,,,41.0
Pregassona,15.03.2013 00:00,26.0,,,35.0
Pregassona,15.04.2013 01:00,22.0,,48.0,30.0
Pregassona,15.05.2013 01:00,15.0,,4.0,18.0
Pregassona,15.06.2013 01:00,18.0,,102.0,16.0
Pregassona,15.07.2013 01:00,20.0,,262.0,17.0
Pregassona,15.08.2013 01:00,16.0,,149.0,14.0
Pregassona,15.09.2013 01:00,18.0,,47.0,19.0
Pregassona,15.10.2013 01:00,22.0,,,24.0
Pregassona,15.11.2013 00:00,18.0,,,30.0
Pregassona,15.12.2013 00:00,22.0,,,41.0
Pregassona,15.01.2014 00:00,22.0,,,39.0
Pregassona,15.02.2014 00:00,17.0,,,38.0
Pregassona,15.03.2014 00:00,26.0,,8.0,29.0
Pregassona,15.04.2014 01:00,22.0,,20.0,24.0
Pregassona,15.05.2014 01:00,15.0,,46.0,18.0
Pregassona,15.06.2014 01:00,17.0,,129.0,16.0
Pregassona,15.07.2014 01:00,14.0,,80.0,17.0
Pregassona,15.08.2014 01:00,14.0,,19.0,14.0
Pregassona,15.09.2014 01:00,19.0,,15.0,20.0
Pregassona,15.10.2014 01:00,23.0,,,22.0
Pregassona,15.11.2014 00:00,17.0,,,32.0
Pregassona,15.12.2014 00:00,21.0,,,34.0
Pregassona,15.01.2015 00:00,21.0,,,39.0
Pregassona,15.02.2015 00:00,27.0,,,40.0
Pregassona,15.03.2015 00:00,29.0,,,31.0
Pregassona,15.04.2015 01:00,18.0,,41.0,25.0
Pregassona,15.05.2015 01:00,17.0,,68.0,17.0
Pregassona,15.06.2015 01:00,19.0,,154.0,16.0
Pregassona,15.07.2015 01:00,25.0,,294.0,18.0
Pregassona,15.08.2015 01:00,19.0,,146.0,15.0
Pregassona,15.09.2015 01:00,16.0,,,20.0
Pregassona,15.10.2015 01:00,19.0,,,22.0
Pregassona,15.11.2015 00:00,23.0,,,36.0
Pregassona,15.12.2015 00:00,32.0,,,41.0
Pregassona,15.01.2016 00:00,29.0,,,37.0
Pregassona,15.02.2016 00:00,23.0,,,35.0
Pregassona,15.03.2016 00:00,19.0,,,29.0
Pregassona,15.04.2016 01:00,21.0,,3.0,22.0
Pregassona,15.05.2016 01:00,12.0,,69.0,18.0
Pregassona,15.06.2016 01:00,13.0,,76.0,15.0
Pregassona,15.07.2016 01:00,17.0,,132.0,14.0
Pregassona,15.08.2016 01:00,,,106.0,14.0
Pregassona,15.09.2016 01:00,,,54.0,18.0
Pregassona,15.10.2016 01:00,,,,22.0
Pregassona,15.11.2016 00:00,,,,33.0
Pregassona,15.12.2016 00:00,29.0,,,40.0
Pregassona,15.01.2017 00:00,39.0,,,40.0
Pregassona,15.02.2017 00:00,33.0,,,38.0
Pregassona,15.03.2017 00:00,29.0,,2.0,31.0
Pregassona,15.04.2017 01:00,18.0,,31.0,21.0
San Vittore,15.01.2007 00:00,,,,26.0
San Vittore,15.02.2007 00:00,47.0,,,33.0
San Vittore,15.03.2007 00:00,25.0,,,20.0
San Vittore,15.04.2007 01:00,30.0,,,18.0
San Vittore,15.05.2007 01:00,18.0,,,12.0
San Vittore,15.06.2007 01:00,14.0,,,10.0
San Vittore,15.07.2007 01:00,17.0,,,12.0
San Vittore,15.08.2007 01:00,11.0,,,11.0
San Vittore,15.09.2007 01:00,11.0,,,14.0
San Vittore,15.10.2007 01:00,20.0,,,18.0
San Vittore,15.11.2007 00:00,38.0,,,27.0
San Vittore,15.12.2007 00:00,78.0,,,37.0
San Vittore,15.01.2008 00:00,65.0,,,40.0
San Vittore,15.02.2008 00:00,48.0,,,35.0
San Vittore,15.03.2008 00:00,22.0,,,18.0
San Vittore,15.04.2008 01:00,15.0,,,16.0
San Vittore,15.05.2008 01:00,17.0,,,12.0
San Vittore,15.06.2008 01:00,17.0,,,10.0
San Vittore,15.07.2008 01:00,14.0,,,11.0
San Vittore,15.08.2008 01:00,15.0,,,12.0
San Vittore,15.09.2008 01:00,13.0,,,14.0
San Vittore,15.10.2008 01:00,24.0,,,19.0
San Vittore,15.11.2008 00:00,37.0,,,22.0
San Vittore,15.12.2008 00:00,62.0,,,36.0
San Vittore,15.01.2009 00:00,67.0,,,40.0
San Vittore,15.02.2009 00:00,31.0,,,27.0
San Vittore,15.03.2009 00:00,17.0,,,18.0
San Vittore,15.04.2009 01:00,17.0,,,14.0
San Vittore,15.05.2009 01:00,,,,
San Vittore,15.06.2009 01:00,14.0,,,10.0
San Vittore,15.07.2009 01:00,16.0,,,11.0
San Vittore,15.08.2009 01:00,16.0,,,10.0
San Vittore,15.09.2009 01:00,13.0,,,13.0
San Vittore,15.10.2009 01:00,19.0,,,19.0
San Vittore,15.11.2009 00:00,,,,
San Vittore,15.12.2009 00:00,55.0,,,36.0
San Vittore,15.01.2010 00:00,60.0,,,45.0
San Vittore,15.02.2010 00:00,43.0,,,39.0
San Vittore,15.03.2010 00:00,25.0,,,22.0
San Vittore,15.04.2010 01:00,,,,15.0
San Vittore,15.05.2010 01:00,12.0,,,10.0
San Vittore,15.06.2010 01:00,16.0,,,9.0
San Vittore,15.07.2010 01:00,18.0,,,11.0
San Vittore,15.08.2010 01:00,12.0,,,9.0
San Vittore,15.09.2010 01:00,10.0,,,13.0
San Vittore,15.10.2010 01:00,23.0,,,18.0
San Vittore,15.11.2010 00:00,28.0,,,23.0
San Vittore,15.12.2010 00:00,51.0,,,33.0
San Vittore,15.01.2011 00:00,59.0,,,31.0
San Vittore,15.02.2011 00:00,48.0,,,31.0
San Vittore,15.03.2011 00:00,28.0,,,21.0
San Vittore,15.04.2011 01:00,22.0,,,15.0
San Vittore,15.05.2011 01:00,16.0,,,12.0
San Vittore,15.06.2011 01:00,13.0,,,10.0
San Vittore,15.07.2011 01:00,13.0,,,10.0
San Vittore,15.08.2011 01:00,16.0,,,10.0
San Vittore,15.09.2011 01:00,16.0,,,13.0
San Vittore,15.10.2011 01:00,19.0,,,16.0
San Vittore,15.11.2011 00:00,44.0,,,26.0
San Vittore,15.12.2011 00:00,44.0,,,28.0
San Vittore,15.01.2012 00:00,45.0,,,42.0
San Vittore,15.02.2012 00:00,39.0,,,17.0
San Vittore,15.03.2012 00:00,25.0,,,8.0
San Vittore,15.04.2012 01:00,14.0,,,4.0
San Vittore,15.05.2012 01:00,12.0,,,3.0
San Vittore,15.06.2012 01:00,18.0,,,2.0
San Vittore,15.07.2012 01:00,18.0,,,3.0
San Vittore,15.08.2012 01:00,17.0,,,3.0
San Vittore,15.09.2012 01:00,15.0,,,5.0
San Vittore,15.10.2012 01:00,21.0,,,13.0
San Vittore,15.11.2012 00:00,29.0,,,36.0
San Vittore,15.12.2012 00:00,51.0,,,47.0
San Vittore,15.01.2013 00:00,45.0,,,33.0
San Vittore,15.02.2013 00:00,28.0,,,27.0
San Vittore,15.03.2013 00:00,24.0,,,21.0
San Vittore,15.04.2013 01:00,,,,15.0
San Vittore,15.05.2013 01:00,,,,10.0
San Vittore,15.06.2013 01:00,11.0,,,9.0
San Vittore,15.07.2013 01:00,15.0,,,11.0
San Vittore,15.08.2013 01:00,11.0,,,10.0
San Vittore,15.09.2013 01:00,9.0,,,13.0
San Vittore,15.10.2013 01:00,14.0,,,15.0
San Vittore,15.11.2013 00:00,23.0,,,20.0
San Vittore,15.12.2013 00:00,57.0,,,34.0
San Vittore,15.01.2014 00:00,44.0,,,47.0
San Vittore,15.02.2014 00:00,23.0,,,20.0
San Vittore,15.03.2014 00:00,19.0,,,6.0
San Vittore,15.04.2014 01:00,14.0,,,4.0
San Vittore,15.05.2014 01:00,9.0,,,3.0
San Vittore,15.06.2014 01:00,11.0,,,2.0
San Vittore,15.07.2014 01:00,11.0,,,2.0
San Vittore,15.08.2014 01:00,10.0,,,2.0
San Vittore,15.09.2014 01:00,12.0,,,5.0
San Vittore,15.10.2014 01:00,16.0,,,11.0
San Vittore,15.11.2014 00:00,25.0,,,33.0
San Vittore,15.12.2014 00:00,43.0,,,40.0
San Vittore,15.01.2015 00:00,38.0,,,33.0
San Vittore,15.02.2015 00:00,29.0,,,22.0
San Vittore,15.03.2015 00:00,25.0,,,6.0
San Vittore,15.04.2015 01:00,,,,4.0
San Vittore,15.05.2015 01:00,13.0,,,2.0
San Vittore,15.06.2015 01:00,14.0,,,2.0
San Vittore,15.07.2015 01:00,22.0,,,1.0
San Vittore,15.08.2015 01:00,14.0,,,1.0
San Vittore,15.09.2015 01:00,10.0,,,3.0
San Vittore,15.10.2015 01:00,16.0,,,12.0
San Vittore,15.11.2015 00:00,31.0,,,41.0
San Vittore,15.12.2015 00:00,64.0,,,87.0
San Vittore,15.01.2016 00:00,41.0,,,39.0
San Vittore,15.02.2016 00:00,28.0,,,17.0
San Vittore,15.03.2016 00:00,21.0,,,5.0
San Vittore,15.04.2016 01:00,18.0,,,3.0
San Vittore,15.05.2016 01:00,11.0,,,2.0
San Vittore,15.06.2016 01:00,9.0,,,2.0
San Vittore,15.07.2016 01:00,10.0,,,2.0
San Vittore,15.08.2016 01:00,8.0,,,2.0
San Vittore,15.09.2016 01:00,13.0,,,2.0
San Vittore,15.10.2016 01:00,15.0,,,12.0
San Vittore,15.11.2016 00:00,27.0,,,23.0
San Vittore,15.12.2016 00:00,58.0,,,73.0
San Vittore,15.01.2017 00:00,54.0,,,34.0
San Vittore,15.02.2017 00:00,30.0,,,24.0
San Vittore,15.03.2017 00:00,20.0,,,17.0
San Vittore,15.04.2017 01:00,11.0,,,11.0
Vezia,15.01.2007 00:00,33.0,,,46.0
Vezia,15.02.2007 00:00,36.0,,,52.0
Vezia,15.03.2007 00:00,24.0,,,35.0
Vezia,15.04.2007 01:00,35.0,,,31.0
Vezia,15.05.2007 01:00,19.0,,,21.0
Vezia,15.06.2007 01:00,20.0,,,20.0
Vezia,15.07.2007 01:00,20.0,,,21.0
Vezia,15.08.2007 01:00,17.0,,,20.0
Vezia,15.09.2007 01:00,19.0,,,26.0
Vezia,15.10.2007 01:00,27.0,,,32.0
Vezia,15.11.2007 00:00,24.0,,,39.0
Vezia,15.12.2007 00:00,32.0,,,40.0
Vezia,15.01.2008 00:00,30.0,,,42.0
Vezia,15.02.2008 00:00,49.0,,,50.0
Vezia,15.03.2008 00:00,18.0,,,25.0
Vezia,15.04.2008 01:00,16.0,,,24.0
Vezia,15.05.2008 01:00,20.0,,,20.0
Vezia,15.06.2008 01:00,25.0,,,
Vezia,15.07.2008 01:00,20.0,,,22.0
Vezia,15.08.2008 01:00,20.0,,,19.0
Vezia,15.09.2008 01:00,25.0,,1.0,28.0
Vezia,15.10.2008 01:00,32.0,,,36.0
Vezia,15.11.2008 00:00,25.0,,,36.0
Vezia,15.12.2008 00:00,24.0,,,44.0
Vezia,15.01.2009 00:00,34.0,,,53.0
Vezia,15.02.2009 00:00,28.0,,,43.0
Vezia,15.03.2009 00:00,22.0,,2.0,33.0
Vezia,15.04.2009 01:00,20.0,,31.0,27.0
Vezia,15.05.2009 01:00,24.0,,127.0,20.0
Vezia,15.06.2009 01:00,23.0,,94.0,20.0
Vezia,15.07.2009 01:00,27.0,,137.0,23.0
Vezia,15.08.2009 01:00,23.0,,72.0,20.0
Vezia,15.09.2009 01:00,30.0,,12.0,29.0
Vezia,15.10.2009 01:00,29.0,,,34.0
Vezia,15.11.2009 00:00,33.0,,,40.0
Vezia,15.12.2009 00:00,23.0,,,45.0
Vezia,15.01.2010 00:00,38.0,,,54.0
Vezia,15.02.2010 00:00,29.0,,,49.0
Vezia,15.03.2010 00:00,24.0,,,38.0
Vezia,15.04.2010 01:00,23.0,,30.0,31.0
Vezia,15.05.2010 01:00,18.0,,34.0,20.0
Vezia,15.06.2010 01:00,28.0,,109.0,21.0
Vezia,15.07.2010 01:00,34.0,,191.0,23.0
Vezia,15.08.2010 01:00,20.0,,62.0,19.0
Vezia,15.09.2010 01:00,21.0,,23.0,28.0
Vezia,15.10.2010 01:00,30.0,,,33.0
Vezia,15.11.2010 00:00,21.0,,,33.0
Vezia,15.12.2010 00:00,25.0,,,44.0
Vezia,15.01.2011 00:00,41.0,,,51.0
Vezia,15.02.2011 00:00,43.0,,,54.0
Vezia,15.03.2011 00:00,34.0,,,39.0
Vezia,15.04.2011 01:00,30.0,,,31.0
Vezia,15.05.2011 01:00,26.0,,,26.0
Vezia,15.06.2011 01:00,21.0,,,21.0
Vezia,15.07.2011 01:00,18.0,,,20.0
Vezia,15.08.2011 01:00,23.0,,,
Vezia,15.09.2011 01:00,26.0,,,28.0
Vezia,15.10.2011 01:00,26.0,,,31.0
Vezia,15.11.2011 00:00,30.0,,,45.0
Vezia,15.12.2011 00:00,23.0,,,42.0
Vezia,15.01.2012 00:00,29.0,,,45.0
Vezia,15.02.2012 00:00,45.0,,,54.0
Vezia,15.03.2012 00:00,31.0,,,36.0
Vezia,15.04.2012 01:00,16.0,,,24.0
Vezia,15.05.2012 01:00,19.0,,,23.0
Vezia,15.06.2012 01:00,23.0,,,21.0
Vezia,15.07.2012 01:00,25.0,,,20.0
Vezia,15.08.2012 01:00,23.0,,,17.0
Vezia,15.09.2012 01:00,,,,26.0
Vezia,15.10.2012 01:00,25.0,,,28.0
Vezia,15.11.2012 00:00,24.0,,,35.0
Vezia,15.12.2012 00:00,23.0,,,42.0
Vezia,15.01.2013 00:00,31.0,,,44.0
Vezia,15.02.2013 00:00,28.0,,,43.0
Vezia,15.03.2013 00:00,23.0,,,33.0
Vezia,15.04.2013 01:00,21.0,,,28.0
Vezia,15.05.2013 01:00,14.0,,,17.0
Vezia,15.06.2013 01:00,21.0,,,17.0
Vezia,15.07.2013 01:00,26.0,,,22.0
Vezia,15.08.2013 01:00,18.0,,,15.0
Vezia,15.09.2013 01:00,20.0,,,20.0
Vezia,15.10.2013 01:00,24.0,,,24.0
Vezia,15.11.2013 00:00,18.0,,,29.0
Vezia,15.12.2013 00:00,24.0,,,44.0
Vezia,15.01.2014 00:00,25.0,,,41.0
Vezia,15.02.2014 00:00,18.0,,,39.0
Vezia,15.03.2014 00:00,26.0,,,28.0
Vezia,15.04.2014 01:00,22.0,,,23.0
Vezia,15.05.2014 01:00,16.0,,,17.0
Vezia,15.06.2014 01:00,19.0,,,16.0
Vezia,15.07.2014 01:00,17.0,,,19.0
Vezia,15.08.2014 01:00,15.0,,,16.0
Vezia,15.09.2014 01:00,21.0,,,22.0
Vezia,15.10.2014 01:00,26.0,,,27.0
Vezia,15.11.2014 00:00,17.0,,,32.0
Vezia,15.12.2014 00:00,21.0,,,34.0
Vezia,15.01.2015 00:00,23.0,,,40.0
Vezia,15.02.2015 00:00,25.0,,,42.0
Vezia,15.03.2015 00:00,27.0,,,33.0
Vezia,15.04.2015 01:00,22.0,,,31.0
Vezia,15.05.2015 01:00,19.0,,,25.0
Vezia,15.06.2015 01:00,22.0,,,28.0
Vezia,15.07.2015 01:00,36.0,,,36.0
Vezia,15.08.2015 01:00,22.0,,,23.0
Vezia,15.09.2015 01:00,18.0,,,28.0
Vezia,15.10.2015 01:00,21.0,,,28.0
Vezia,15.11.2015 00:00,31.0,,,40.0
Vezia,15.12.2015 00:00,34.0,,,47.0
Vezia,15.01.2016 00:00,29.0,,,42.0
Vezia,15.02.2016 00:00,22.0,,,38.0
Vezia,15.03.2016 00:00,20.0,,,34.0
Vezia,15.04.2016 01:00,23.0,,,31.0
Vezia,15.05.2016 01:00,13.0,,,25.0
Vezia,15.06.2016 01:00,14.0,,,22.0
Vezia,15.07.2016 01:00,20.0,,,20.0
Vezia,15.08.2016 01:00,16.0,,,18.0
Vezia,15.09.2016 01:00,20.0,,,25.0
Vezia,15.10.2016 01:00,16.0,,,26.0
Vezia,15.11.2016 00:00,21.0,,,34.0
Vezia,15.12.2016 00:00,28.0,,,42.0
Vezia,15.01.2017 00:00,36.0,,,43.0
Vezia,15.02.2017 00:00,30.0,,,42.0
Vezia,15.03.2017 00:00,31.0,,,33.0
Vezia,15.04.2017 01:00,20.0,,,21.0
